customer_id,first_name,last_name,state
112,Ryan,Anderson,Colorado
122,Sophia,Cook,Massachusetts
125,Aubrey,White,South Carolina
137,Caleb,Garcia,New Mexico
189,Mia,Howard,Utah
194,Anna,Wright,South Carolina
257,Henry,Phillips,Virginia
267,Chloe,Williams,South Carolina
335,Scarlett,Collins,Montana
387,Mila,Richardson,Rhode Island
458,Sophia,Thompson,Nevada
600,Lucas,Carter,Vermont
640,Wyatt,Wilson,Oregon
668,Joshua,Bailey,Alaska
709,Eli,Wilson,Rhode Island
711,Josiah,Williams,Rhode Island
717,Chloe,Carter,Colorado
733,Isaac,Garcia,South Dakota
759,Eli,Martin,Washington
793,Julian,Collins,New Mexico
816,Jackson,Jones,Colorado
839,John,Taylor,Vermont
873,Charles,Campbell,Georgia
960,Jackson,Ward,Montana
964,Nova,Stewart,Florida
968,Dylan,Murphy,Rhode Island
1032,Christopher,Murphy,New Mexico
1042,Aurora,Peterson,Ohio
1046,Aurora,Thompson,North Dakota
1060,Aubrey,Moore,Rhode Island
1063,Violet,Brooks,Delaware
1175,Mila,Collins,Idaho
1190,Natalie,Gray,Minnesota
1192,Riley,Lee,Ohio
1203,Nova,Carter,Louisiana
1209,Brooklyn,Clark,North Dakota
1253,Ella,Reed,Texas
1266,Amelia,Taylor,Texas
1270,Matthew,Baker,Michigan
1297,Christopher,Martinez,Arkansas
1319,Dylan,Stewart,New Mexico
1367,Everly,Miller,Idaho
1374,William,Roberts,Indiana
1376,Quinn,Parker,Nevada
1483,Amelia,Miller,Nevada
1488,Ryan,Campbell,Vermont
1503,Hannah,Ramirez,South Carolina
1561,Charles,Evans,Arizona
1593,Connor,Turner,Nebraska
1598,Eli,Hayes,South Dakota
1626,Sebastian,Torres,Alaska
1649,Scarlett,Campbell,Montana
1667,Josiah,Edwards,Idaho
1720,Victoria,Jackson,Utah
1753,Claire,Perez,California
1771,Skylar,Anderson,Colorado
1773,Paisley,Reed,Hawaii
1799,Hunter,Rogers,Wisconsin
1815,Jackson,Ward,Maine
1900,Luke,Taylor,Utah
1945,Wyatt,Taylor,Montana
2030,Levi,Phillips,Kentucky
2074,Addison,Evans,Colorado
2114,Ryan,White,Texas
2236,Ursula,Mitchell,Michigan
2270,Landon,Collins,Tennessee
2313,Aubrey,King,Vermont
2429,Kayla,Wilson,Maine
2448,Luke,Murphy,Rhode Island
2508,Isabella,Evans,Nebraska
2510,Owen,Bailey,Nebraska
2540,Adrian,Campbell,Mississippi
2541,Gabriel,Torres,Vermont
2553,Nora,Parker,Ohio
2600,Joseph,Young,Hawaii
2606,Scarlett,Bailey,Hawaii
2642,Violet,Martinez,Maryland
2659,Ryan,Cook,North Dakota
2687,Paisley,Lee,Michigan
2699,Tara,Scott,Oregon
2712,Daniel,Wilson,California
2728,Samuel,Martin,Delaware
2731,Claire,Lopez,Michigan
2751,Scarlett,Campbell,Georgia
2898,James,Baker,Louisiana
2916,Anthony,Wright,Virginia
2944,Benjamin,Howard,West Virginia
2957,Tara,Young,North Dakota
2972,Lucy,Cox,New Mexico
3000,Grace,Rivera,Tennessee
3042,Landon,Roberts,Indiana
3081,Caroline,Roberts,Iowa
3127,Hunter,Parker,New Jersey
3213,Landon,Edwards,Missouri
3272,Gina,Parker,Washington
3338,Bella,Rivera,West Virginia
3412,Christopher,James,New Jersey
3436,Christopher,Collins,South Carolina
3473,Jake,Phillips,Arkansas
3516,Tara,Turner,Minnesota
3555,Mila,James,Georgia
3684,Everly,Thompson,Alabama
3697,Hannah,Brown,New Hampshire
3797,Joseph,Jones,Wyoming
3844,Jackson,Morris,Missouri
3877,Lily,Rogers,Wyoming
3894,Savannah,Torres,Arizona
3940,David,Carter,North Carolina
3962,William,Mitchell,New Mexico
3964,Gina,Cooper,South Dakota
4105,Sebastian,Nelson,North Dakota
4139,Alexander,James,Alabama
4162,Eli,Taylor,Kentucky
4188,Anna,Martin,Texas
4199,Michael,Nelson,Hawaii
4259,Landon,Thompson,Florida
4270,William,Baker,Maryland
4334,Isla,Parker,Colorado
4344,Ava,Baker,Texas
4368,Emilia,Bailey,Massachusetts
4434,Josiah,Baker,Nebraska
4479,Tara,Martin,Ohio
4492,Brooklyn,Perez,Arizona
4505,Henry,Nelson,Missouri
4641,Amelia,Lee,South Carolina
4643,Wyatt,Moore,West Virginia
4651,Claire,Richardson,Idaho
4707,Eli,Hayes,New Jersey
4729,Olivia,Young,Kansas
4796,Claire,Roberts,Idaho
4826,Zoey,Reed,Massachusetts
4904,Connor,Murphy,California
4997,Nathan,Lopez,Oregon
4998,Skylar,Wilson,Arizona
5010,Lily,Bell,New Hampshire
5044,Hunter,Cook,Massachusetts
5046,Everly,Perez,Virginia
5048,Mila,Green,Georgia
5065,Audrey,Miller,Illinois
5075,Ava,Miller,Louisiana
5183,Joshua,Edwards,Maine
5216,Nora,Anderson,California
5236,Jackson,Jackson,Pennsylvania
5264,Anna,Rogers,Texas
5270,Jonathan,Cox,Florida
5275,Bella,Adams,Ohio
5310,Aurora,Johnson,Virginia
5326,Patrick,Cooper,Missouri
5330,Carter,Young,Ohio
5335,Leo,White,New York
5397,Isabella,Walker,Colorado
5426,Zoey,Torres,New Jersey
5428,Audrey,Cook,Alabama
5497,Stella,Bailey,Washington
5575,Aubrey,Howard,Texas
5604,Scarlett,Johnson,Colorado
5629,Wyatt,Adams,Maine
5639,Aaron,Hayes,Rhode Island
5693,Joseph,Bailey,Pennsylvania
5696,Lucy,Cooper,Colorado
5710,Genesis,Watson,Utah
5755,Levi,Martin,Nevada
5793,Tara,Hayes,Ohio
5799,Nora,White,Indiana
5837,Rachel,James,Indiana
5847,Daniel,Harris,Rhode Island
5948,Brooklyn,Adams,Florida
5982,Jake,Jones,Rhode Island
6065,Wyatt,Taylor,Virginia
6092,Alexander,Stewart,Virginia
6100,Bella,Parker,Missouri
6114,Owen,Wright,Minnesota
6125,Aria,Murphy,North Carolina
6186,Isabella,Edwards,Delaware
6194,Isaac,Cook,Louisiana
6257,Scarlett,Anderson,Nevada
6353,Leo,Martin,Louisiana
6386,Wyatt,Hayes,Massachusetts
6410,Jackson,Hill,Kentucky
6422,Tara,Cooper,Massachusetts
6466,Grace,Phillips,Arkansas
6468,Mia,Baker,Utah
6533,Aubrey,Ramirez,West Virginia
6560,Benjamin,Garcia,Hawaii
6563,Joseph,Baker,Utah
6605,John,Ward,Delaware
6607,Carter,Moore,Virginia
6664,Lucas,Howard,Minnesota
6699,Christian,Cook,Missouri
6721,Eli,Watson,Illinois
6726,Lucy,Young,Alaska
6737,Charlotte,Brown,Montana
6765,Isabella,King,Indiana
6922,Nora,Parker,Florida
6927,Rachel,Howard,Texas
7055,Joshua,Peterson,New Mexico
7057,Luke,Peterson,Wisconsin
7119,Matthew,Moore,New Hampshire
7135,Adrian,Bailey,Nevada
7151,Ella,Bell,Nevada
7155,Jonathan,Smith,Vermont
7186,Scarlett,Turner,Pennsylvania
7194,Owen,Mitchell,Hawaii
7197,Adrian,Reed,Missouri
7213,Sophia,Edwards,Ohio
7228,Olivia,Anderson,Missouri
7244,Amelia,Moore,Oklahoma
7248,Rachel,Edwards,Oregon
7252,David,Edwards,Maryland
7428,Skylar,Wilson,Oregon
7429,Hunter,Baker,Indiana
7445,Claire,Hill,Mississippi
7462,Adrian,Ramirez,Connecticut
7467,Riley,Miller,Washington
7519,Brooklyn,Sanchez,Indiana
7541,Adrian,Carter,Virginia
7631,Chloe,Rivera,Tennessee
7653,Matthew,Carter,South Dakota
7703,John,Clark,Montana
7741,Audrey,Martinez,Arkansas
7779,Ursula,Hughes,Utah
7786,Ellie,Jones,Wyoming
7906,Stella,Mitchell,Utah
7934,Isaac,Nelson,Wisconsin
7969,Lily,Baker,Virginia
7971,Skylar,Cooper,West Virginia
7978,Addison,Parker,Wisconsin
8056,Joshua,Hayes,Tennessee
8092,Sophia,Sanchez,Texas
8093,Isaac,King,Michigan
8179,Charles,Lopez,North Dakota
8183,John,Torres,New Mexico
8227,Liam,Jones,North Dakota
8230,Nathan,Phillips,Nevada
8339,Nathan,Johnson,Montana
8388,Kayla,Reed,Wyoming
8401,Gina,Walker,Mississippi
8402,Gina,Campbell,Vermont
8461,Audrey,Ward,Vermont
8467,Chloe,Torres,New York
8499,Jonathan,Miller,North Carolina
8550,Aurora,Morris,West Virginia
8657,Joseph,Morris,Utah
8681,Gabriel,Cooper,South Dakota
8700,Mila,Carter,New Mexico
8829,Zoey,Cox,Tennessee
8839,Savannah,Reed,Tennessee
8883,Joshua,Mitchell,Hawaii
8929,Bella,Baker,Georgia
8954,Isabella,Bailey,Kansas
8985,Skylar,Howard,Pennsylvania
8988,Nova,Rivera,Wyoming
9036,Isla,Clark,Utah
9073,Ellie,Taylor,Maine
9093,Emilia,Carter,Hawaii
9123,Liam,Cook,South Carolina
9127,Natalie,Garcia,New York
9249,Isla,Watson,Washington
9325,Adrian,Torres,Ohio
9332,Genesis,Young,Kansas
9389,Ella,Cook,Oklahoma
9434,Tara,Torres,Alaska
9451,Julian,Johnson,Arkansas
9456,David,Roberts,Kentucky
9490,Matthew,Hughes,Rhode Island
9552,Natalie,Thomas,Georgia
9587,Stella,Cook,Nebraska
9606,Isabella,Baker,Wyoming
9614,Charlotte,Gray,Delaware
9652,Andrew,Reed,Colorado
9687,Stella,Perez,Georgia
9700,Emilia,Campbell,North Carolina
9761,Scarlett,Watson,Utah
9825,Everly,Anderson,North Dakota
9860,Isaac,Howard,Hawaii
9912,Gabriel,Mitchell,Oregon
9928,Henry,Cooper,New Jersey
9930,Ella,Baker,Kentucky
9936,Christopher,Nelson,Arizona
9982,Sebastian,Rivera,Florida
10065,Layla,Wright,Texas
10122,Paisley,Lee,Kansas
10204,Bella,Clark,Nevada
10218,Charles,Edwards,New Jersey
10298,Caleb,Evans,Arizona
10302,Ellie,Rivera,Hawaii
10315,Grace,Roberts,New Jersey
10371,Ursula,Bell,Arizona
10377,Skylar,Cooper,North Dakota
10386,Isaac,Campbell,Tennessee
10387,Nathan,Rogers,Illinois
10432,Aaron,Smith,Oregon
10448,Ella,Green,New Mexico
10469,Leah,Mitchell,Alabama
10482,Ella,Campbell,Nevada
10580,Caleb,Hayes,New Hampshire
10590,Aaron,Bailey,Arizona
10594,Emilia,Morris,Florida
10615,Jackson,Brooks,Kansas
10692,Wyatt,Mitchell,Alaska
10839,Brooklyn,Martinez,California
10844,Anna,Taylor,Alabama
10893,Emma,Hall,Idaho
10919,Layla,Cox,Virginia
11011,Skylar,Mitchell,Washington
11086,Victoria,Peterson,Texas
11115,Tara,Collins,Washington
11150,Kayla,Young,Indiana
11251,Levi,Moore,Wyoming
11257,Dylan,Hughes,New Mexico
11333,Grace,Anderson,Delaware
11339,Emma,Nelson,Arizona
11347,Gina,Anderson,Oregon
11438,Jackson,Reed,Michigan
11482,Audrey,Sanchez,Rhode Island
11506,Caroline,Richardson,Oregon
11571,Isaac,King,Wyoming
11585,Anna,Parker,New York
11597,Gabriel,Carter,Michigan
11607,Hannah,Ramirez,West Virginia
11636,Caroline,Rivera,Colorado
11637,Benjamin,Cox,North Carolina
11639,Eli,Wright,North Carolina
11652,Hunter,Jones,Wyoming
11729,Quinn,James,South Carolina
11765,Natalie,Murphy,Alaska
11803,Christian,Hall,North Carolina
11804,Gabriel,Peterson,Indiana
11828,Kayla,Williams,Arizona
11838,Claire,King,Delaware
11843,Carter,Wright,Illinois
11907,Zoey,Clark,Connecticut
11918,Amelia,Campbell,Nebraska
11922,Rachel,Mitchell,Arizona
11930,Gina,Clark,South Carolina
11947,Emma,Scott,New Mexico
11969,Kayla,Collins,Iowa
12013,Matthew,Collins,Delaware
12039,Julian,Sanchez,Maine
12045,Claire,Harris,California
12080,Aubrey,Parker,Florida
12146,Eli,Hall,Oregon
12151,Anna,Mitchell,New Hampshire
12155,Isabella,Murphy,Maine
12283,Claire,Hayes,Oklahoma
12290,Layla,Davis,West Virginia
12303,Aaron,Hall,Arkansas
12314,Emilia,Clark,Rhode Island
12415,Jonathan,Adams,Rhode Island
12458,Josiah,Scott,Michigan
12515,Audrey,Martinez,Rhode Island
12551,Christopher,Carter,Kansas
12583,Nora,Wright,Pennsylvania
12599,Matthew,Rivera,Kentucky
12624,Bella,Martin,Maine
12671,Leo,Harris,Alabama
12677,Julian,Jackson,Kansas
12716,Levi,Scott,Washington
12722,Charlotte,Moore,Illinois
12775,Anthony,Lee,Oklahoma
12812,Aurora,Cooper,Alaska
12829,Aubrey,Green,Missouri
12871,Mila,Gray,Massachusetts
12893,Brooklyn,Martin,Pennsylvania
12907,Aubrey,Watson,Michigan
12971,Scarlett,Mitchell,North Carolina
12973,Sebastian,Jones,Oregon
13043,Nora,Torres,Arizona
13072,Nora,Martin,Iowa
13155,Jonathan,Thomas,Massachusetts
13182,Ellie,Martinez,North Carolina
13190,Hannah,Stewart,New Hampshire
13213,Nora,Phillips,Nevada
13224,Zoey,Cox,Nebraska
13233,Hunter,Murphy,Louisiana
13243,Bella,Clark,Wisconsin
13305,Aaron,Hayes,Alaska
13335,Skylar,Murphy,Colorado
13337,Hazel,Watson,Delaware
13342,Julian,Cook,Kansas
13367,Emma,Clark,Hawaii
13372,Leo,Torres,Illinois
13376,Jonathan,Walker,North Dakota
13394,Lucy,Wright,Wisconsin
13457,Mia,Parker,Colorado
13505,Christopher,Sanchez,Louisiana
13510,Henry,Morris,New Hampshire
13532,Michael,Martin,Delaware
13553,Sophia,Taylor,Kentucky
13562,Everly,Anderson,Nebraska
13601,Josiah,Hayes,Michigan
13629,Alexander,Lee,West Virginia
13673,Luke,Martin,South Carolina
13693,Quinn,Phillips,Massachusetts
13721,Layla,Murphy,Colorado
13722,Ursula,Torres,South Carolina
13744,Jackson,Baker,Nevada
13745,Aubrey,Cooper,Missouri
13826,Everly,Thompson,Washington
13851,Aubrey,Nelson,Oregon
13929,Scarlett,Bell,Idaho
13945,Rachel,Reed,Mississippi
14011,Charlotte,Anderson,Kentucky
14028,Genesis,Cox,Idaho
14035,James,Parker,Missouri
14054,David,Gray,Delaware
14055,Lucy,Ramirez,Mississippi
14070,Hannah,Brown,Maine
14083,Savannah,Nelson,New Jersey
14119,Hannah,Sanchez,Louisiana
14131,Alexander,Young,Alabama
14176,Joseph,Rivera,Idaho
14225,Everly,King,Utah
14241,Bella,Cook,Alaska
14260,Leah,Brooks,Florida
14269,Nathan,Hill,Georgia
14270,Stella,Ward,New Jersey
14330,Paisley,Hayes,Washington
14364,Leo,James,Pennsylvania
14564,Paisley,Johnson,Texas
14574,Gina,Wilson,Georgia
14578,Claire,Turner,Florida
14638,Stella,Torres,Alaska
14685,Anthony,Williams,Louisiana
14828,Matthew,Carter,South Carolina
14848,Hannah,Moore,Tennessee
14849,Nathan,Richardson,Nevada
14901,Gabriel,Nelson,Kansas
14902,David,James,Michigan
14918,Emilia,Watson,Nebraska
14955,Ryan,Mitchell,Vermont
14960,Grace,Murphy,Wisconsin
15020,Sebastian,Rivera,Wisconsin
15043,Hazel,Scott,Delaware
15045,Adrian,Hill,Nevada
15123,Julian,Anderson,West Virginia
15136,Jackson,Edwards,Arizona
15226,Mila,Mitchell,New Jersey
15239,Josiah,Scott,New Mexico
15276,Rachel,Baker,Massachusetts
15291,Leah,Martin,Nebraska
15339,Mia,Garcia,Mississippi
15436,Stella,Murphy,Mississippi
15503,Ryan,Brown,Washington
15531,Andrew,King,Minnesota
15537,Lucas,Davis,Kansas
15544,Josiah,Young,Missouri
15606,David,Cook,Wisconsin
15609,Skylar,Garcia,Iowa
15617,Victoria,Peterson,South Dakota
15659,Charlotte,Bell,Alaska
15708,Lucy,Murphy,Illinois
15743,Dylan,Reed,Montana
15782,Michael,Williams,Ohio
15804,Paisley,Hall,Montana
15812,Landon,Peterson,Nevada
15865,Carter,Harris,Maine
15876,Patrick,Baker,Alaska
15899,Jake,Hughes,North Dakota
15926,Genesis,Moore,California
15990,Ryan,Gray,Hawaii
16019,Hazel,Howard,Virginia
16085,Ellie,Taylor,Kentucky
16109,Jonathan,Campbell,Indiana
16159,Violet,Jones,New Jersey
16243,Christopher,Hughes,Washington
16250,Jackson,Bell,Ohio
16252,Claire,Brooks,Minnesota
16299,Luke,King,Idaho
16336,Rachel,Lopez,Mississippi
16489,Owen,Murphy,New Jersey
16592,Nathan,Hill,Wyoming
16639,Aubrey,Young,Kansas
16669,Nathan,Thomas,New Mexico
16791,Caroline,Parker,Delaware
16862,Charlotte,King,New York
16869,Audrey,Watson,New Mexico
16905,Genesis,Smith,Wyoming
16909,Audrey,Roberts,Iowa
16927,Rachel,Nelson,Missouri
16980,Aria,Baker,New Jersey
16999,Alexander,Baker,Washington
17061,Leo,Parker,Nebraska
17109,Hannah,Thomas,Hawaii
17148,Claire,Moore,Nebraska
17182,Lucy,Adams,Florida
17188,Christopher,Anderson,Arizona
17203,Bella,Cooper,South Carolina
17225,Nova,Williams,North Dakota
17233,Ella,Sanchez,Nebraska
17288,Julian,Watson,North Carolina
17297,Michael,Taylor,Arizona
17306,Joshua,Nelson,Maine
17371,Leo,Lopez,Oklahoma
17426,Hunter,Morris,Vermont
17429,Chloe,Scott,Ohio
17442,Sophia,Hill,Pennsylvania
17468,Michael,Brown,Nevada
17489,Sebastian,Rivera,Illinois
17581,Brooklyn,Jones,Georgia
17636,Andrew,Williams,Colorado
17648,Gina,Cook,California
17703,Quinn,Johnson,New York
17714,Anna,Hughes,Washington
17725,Victoria,Edwards,Connecticut
17747,Zoey,Mitchell,California
17758,Hannah,Evans,West Virginia
17759,Kayla,Jackson,Oklahoma
17777,Noah,Phillips,Missouri
17805,Hazel,Clark,Rhode Island
17809,Lily,Watson,Missouri
17827,Charles,Green,Illinois
17879,Adrian,Cox,Virginia
17965,Jake,Brown,Alabama
17975,Hunter,Phillips,Massachusetts
17984,Anna,Bailey,Nevada
18007,Levi,Young,Maine
18078,Ava,Williams,Utah
18087,Everly,Baker,South Carolina
18091,Brooklyn,Clark,Kentucky
18104,Landon,Thompson,Nevada
18196,Josiah,Rogers,Missouri
18202,Lucas,Reed,Florida
18211,Natalie,Mitchell,Rhode Island
18239,Hazel,Sanchez,California
18241,Lucas,Gray,Georgia
18263,Daniel,King,West Virginia
18314,Emma,Garcia,Minnesota
18422,Anna,Ward,Florida
18440,Adrian,Miller,North Carolina
18450,James,Adams,Florida
18498,Ava,Williams,Georgia
18508,Ellie,Clark,Iowa
18534,Aubrey,Lee,Oregon
18626,Aria,Nelson,Wisconsin
18630,Leah,Rogers,West Virginia
18666,Christian,Turner,Massachusetts
18725,Hunter,Hall,Michigan
18771,Gabriel,Reed,Tennessee
18805,Stella,Gray,Virginia
18872,Gina,Perez,Ohio
18955,Zoey,Cook,Pennsylvania
18984,Liam,Davis,Rhode Island
19085,Carter,Johnson,Nevada
19125,Joshua,Hughes,New Hampshire
19148,Wyatt,Watson,Vermont
19173,Lucy,Carter,Kentucky
19212,Ryan,Richardson,Arizona
19216,Stella,Taylor,Louisiana
19248,Gabriel,Morris,Arizona
19262,Violet,Martinez,Maryland
19292,Michael,Adams,New Jersey
19349,Emma,Johnson,Arizona
19426,Stella,Bell,Hawaii
19456,Anna,Taylor,Louisiana
19460,Michael,Harris,Georgia
19482,Christopher,Thompson,Colorado
19500,Kayla,Howard,Oklahoma
19524,Zoey,Thompson,Ohio
19581,Charlotte,Johnson,Florida
19584,James,Edwards,Oregon
19648,Sebastian,Morris,Arkansas
19701,Ryan,Cooper,Minnesota
19703,Sophia,Ward,Colorado
19705,Luke,Carter,Arizona
19713,Caroline,Jackson,Florida
19751,John,Cooper,Massachusetts
19792,Daniel,Hill,Wyoming
19850,Caleb,Campbell,Alaska
19862,Genesis,Stewart,West Virginia
19908,Dylan,Cook,Kansas
19984,Anna,Williams,Georgia
20042,Genesis,Jackson,Delaware
20074,Josiah,Clark,Mississippi
20121,Connor,Johnson,Tennessee
20170,Aria,Torres,Nevada
20179,Isabella,Carter,Rhode Island
20231,Stella,Nelson,Tennessee
20246,Addison,Johnson,Mississippi
20252,Luke,Bell,Montana
20274,Ava,Lee,Pennsylvania
20302,Luke,Wright,Arkansas
20378,Kayla,Hill,Illinois
20387,Stella,Jones,Oklahoma
20390,Aurora,Nelson,Texas
20415,Savannah,Howard,West Virginia
20419,Emma,Thomas,South Dakota
20452,Levi,Johnson,North Dakota
20510,Chloe,Torres,New Hampshire
20546,Noah,Campbell,Virginia
20561,Christian,Walker,California
20589,Victoria,Torres,New Mexico
20668,Anthony,Smith,Maryland
20678,Matthew,Hughes,Washington
20691,Zoey,Walker,Kentucky
20725,Daniel,Murphy,Illinois
20736,Sophia,White,Massachusetts
20744,Audrey,Phillips,Ohio
20769,Isabella,Green,Florida
20815,Leah,Carter,Oregon
20832,Julian,Stewart,Michigan
20866,Addison,Turner,Virginia
20889,Hannah,Turner,Nebraska
20936,Julian,Hall,Georgia
20969,Nova,Edwards,Virginia
20989,Owen,Moore,Indiana
20992,Samuel,James,California
21022,Ava,Richardson,Ohio
21116,Everly,Thomas,Kentucky
21120,Josiah,Ward,New Jersey
21168,Eli,Martin,Michigan
21190,Addison,Martin,North Dakota
21193,Daniel,Moore,South Carolina
21194,Gabriel,Miller,Mississippi
21196,Carter,Collins,Virginia
21219,Samuel,Williams,Michigan
21234,Anthony,Young,Massachusetts
21306,Henry,Reed,Indiana
21333,Isaac,Parker,Texas
21419,Isaac,Clark,Maine
21452,Aria,Davis,West Virginia
21500,Paisley,Walker,Kansas
21509,Mila,Wilson,Indiana
21532,Ava,Gray,Iowa
21616,Benjamin,Clark,Delaware
21711,Matthew,Wright,North Dakota
21726,Aubrey,Roberts,Kentucky
21779,Tara,Bell,New Mexico
21806,Hunter,Thompson,Arkansas
21837,Genesis,Rogers,New Mexico
21902,Charlotte,Watson,Arizona
21960,Skylar,Young,Georgia
21964,Brooklyn,Mitchell,Mississippi
21977,Violet,Richardson,Arkansas
21991,Samuel,Howard,Florida
22010,Addison,James,New York
22030,Kayla,Brown,North Dakota
22036,Owen,Gray,California
22040,Hazel,Brooks,Nevada
22064,Stella,Campbell,Maine
22083,Liam,Lopez,Arkansas
22105,Connor,Watson,Wisconsin
22118,Addison,Roberts,New Hampshire
22199,Jackson,Brooks,Wyoming
22203,Nathan,Phillips,Pennsylvania
22249,Adrian,Torres,New Jersey
22284,Benjamin,Brooks,Ohio
22314,Henry,Morris,Wyoming
22380,Charles,Green,Ohio
22396,Savannah,Clark,Utah
22424,William,Rogers,Oklahoma
22449,Adrian,Harris,New York
22456,John,Rogers,Rhode Island
22461,Christopher,Edwards,Texas
22491,James,White,Tennessee
22670,Genesis,Scott,Maine
22750,Savannah,Collins,Arizona
22759,Savannah,Martinez,Colorado
22762,Rachel,Collins,Virginia
22801,Hazel,Thompson,North Carolina
22860,Aria,Bailey,California
22868,Noah,Peterson,Kansas
22872,Aria,Carter,New York
22879,Amelia,Gray,Virginia
22886,Quinn,Watson,North Carolina
22933,Leo,Hayes,Utah
22977,Paisley,Ward,Delaware
22998,Ella,Phillips,Rhode Island
23011,Isabella,Roberts,Pennsylvania
23042,Mila,Anderson,Utah
23073,Liam,Johnson,Oregon
23083,Audrey,Carter,Nevada
23110,Aurora,Perez,Wyoming
23138,Aurora,Johnson,Wisconsin
23181,Wyatt,Cooper,Maryland
23248,Alexander,Garcia,Montana
23276,Savannah,Stewart,Maryland
23304,Josiah,Garcia,Minnesota
23326,Jake,Collins,Massachusetts
23355,Leo,Stewart,Indiana
23360,Andrew,Williams,Colorado
23376,Eli,Evans,Connecticut
23392,Riley,Davis,Kansas
23406,Riley,Moore,Iowa
23429,Caroline,Torres,South Dakota
23494,Sophia,Scott,South Dakota
23514,Aurora,Morris,Virginia
23525,Emilia,Moore,North Carolina
23548,Sebastian,James,Utah
23580,Daniel,Bell,Virginia
23668,Mila,Bell,Nebraska
23678,John,Anderson,New York
23697,Caroline,Cooper,Connecticut
23739,Hannah,Howard,Virginia
23744,Aaron,Rogers,Kentucky
23841,Luke,Harris,South Carolina
23858,Landon,Perez,Minnesota
23870,Gina,Edwards,Florida
23903,Andrew,Sanchez,Minnesota
23939,Aria,Harris,Maine
23965,Emma,Brown,Alabama
24008,Tara,Perez,Minnesota
24057,Patrick,Cook,California
24069,Hannah,Miller,Washington
24095,Anthony,Rogers,Kentucky
24200,Sebastian,Johnson,Ohio
24202,Ellie,Perez,North Carolina
24205,Emilia,Cook,South Dakota
24216,Landon,Collins,Tennessee
24234,Benjamin,Turner,North Carolina
24332,Alexander,Adams,Pennsylvania
24418,Leah,Torres,South Dakota
24471,Stella,Hughes,Alaska
24534,Lucy,Hughes,Rhode Island
24555,Eli,Edwards,Oklahoma
24561,Isla,Roberts,Hawaii
24598,Gina,Wright,Vermont
24607,Levi,Mitchell,Pennsylvania
24630,Sophia,Moore,Wyoming
24681,Isabella,Anderson,Texas
24713,Caroline,Torres,Louisiana
24733,Nora,Anderson,New York
24741,Isla,Walker,Florida
24772,Violet,Mitchell,Alaska
24788,Jake,Bailey,Delaware
24797,Hannah,Bailey,Maine
24816,Eli,Hughes,Pennsylvania
24875,Gina,Murphy,Washington
24932,Liam,Bell,Montana
24974,Connor,Hughes,Minnesota
24986,Sebastian,Lopez,North Carolina
24992,Patrick,Roberts,Arizona
25001,Sophia,Bailey,Indiana
25025,Scarlett,Cooper,Hawaii
25067,Sebastian,Davis,Ohio
25079,Eli,Wilson,Arkansas
25215,Ryan,Hayes,North Carolina
25291,Joshua,White,Nebraska
25332,Ursula,Reed,New York
25360,Jackson,Clark,Washington
25365,Adrian,Cox,Iowa
25392,Lily,Baker,Hawaii
25412,Samuel,Nelson,Delaware
25462,Addison,Morris,Hawaii
25570,Noah,Phillips,West Virginia
25596,Violet,Lee,New Hampshire
25599,Levi,Carter,California
25625,Daniel,Clark,Georgia
25779,Jackson,Gray,New York
25798,Gina,Thompson,Alaska
25803,Connor,Martin,Tennessee
25846,William,Hall,Oklahoma
25851,Olivia,Edwards,North Dakota
25975,Anna,Johnson,Louisiana
26019,Tara,Stewart,North Dakota
26066,John,Ward,Arizona
26069,Samuel,Lopez,Nebraska
26137,Quinn,Bell,Virginia
26147,Skylar,Bell,Ohio
26166,Zoey,Miller,Kansas
26177,Leah,Campbell,Ohio
26197,Joshua,Bailey,Kentucky
26206,Savannah,Martinez,Arkansas
26237,Liam,Wright,Idaho
26243,Landon,Evans,Arizona
26270,Carter,Campbell,New Mexico
26271,Lucy,Mitchell,New York
26273,Nathan,Brooks,Michigan
26281,Nova,Richardson,Wisconsin
26301,Ella,Thomas,New Hampshire
26353,Alexander,Jones,Connecticut
26355,Luke,Brooks,Maryland
26405,Jackson,Perez,Wyoming
26409,Mia,Lee,Georgia
26430,Ursula,Harris,Vermont
26506,Nora,Moore,Virginia
26533,Alexander,Taylor,Colorado
26538,Scarlett,Edwards,Colorado
26565,Ryan,Morris,New Mexico
26586,Wyatt,Turner,Nebraska
26617,Jackson,Hall,West Virginia
26622,Chloe,Jackson,New Hampshire
26677,Gina,White,Alaska
26719,Jake,Brown,Georgia
26798,Aria,Howard,Nebraska
26812,Scarlett,Campbell,New Hampshire
26838,Scarlett,Lopez,Missouri
27024,Gabriel,Harris,Vermont
27034,Genesis,Mitchell,Utah
27041,Lucy,Torres,Connecticut
27045,Aria,Garcia,Oklahoma
27196,Isaac,Adams,Illinois
27200,Aurora,Brooks,Arkansas
27202,Dylan,Wilson,Utah
27212,Mia,Cook,South Dakota
27225,Carter,Adams,Montana
27322,Everly,Morris,Maryland
27421,Gina,Ramirez,California
27459,Eli,Gray,Kansas
27495,Jonathan,Richardson,Pennsylvania
27544,Skylar,Perez,Wyoming
27583,Isabella,Sanchez,Vermont
27587,Michael,Cox,South Carolina
27632,Alexander,Wilson,Wisconsin
27694,Joshua,Torres,Louisiana
27700,Luke,Lee,New Jersey
27717,Gina,Lopez,Mississippi
27723,Claire,Smith,Montana
27727,Amelia,Lopez,New Mexico
27781,Natalie,Wright,Hawaii
27807,Christian,Evans,Montana
27823,Ava,Ramirez,Idaho
27852,Chloe,Howard,Texas
27870,Samuel,Phillips,Michigan
27872,Alexander,Howard,New Jersey
27986,Owen,Hill,Florida
28041,Ellie,Murphy,North Carolina
28064,Wyatt,Thompson,Illinois
28139,Ryan,Brooks,Rhode Island
28191,Anna,Jones,Vermont
28209,David,Anderson,Oklahoma
28243,Paisley,Garcia,Hawaii
28257,Mia,Howard,Rhode Island
28341,Bella,Baker,Washington
28357,Leo,Williams,Kentucky
28398,Caroline,Ward,North Carolina
28489,Audrey,Walker,Vermont
28567,Mia,Phillips,Washington
28587,Tara,Peterson,Iowa
28599,Julian,Scott,Wyoming
28645,Scarlett,Lopez,Illinois
28701,Joseph,Peterson,Delaware
28732,Nathan,Hayes,Massachusetts
28747,Charlotte,Hall,California
28779,Caroline,Baker,Oregon
28781,Landon,Baker,Oklahoma
28807,Riley,King,California
28852,Victoria,Jackson,Idaho
28858,Levi,Stewart,Idaho
28918,Aubrey,Phillips,Mississippi
28930,Patrick,Martin,Idaho
28985,Claire,Morris,Arkansas
29013,Nova,Adams,Connecticut
29030,Stella,Thomas,Connecticut
29039,Lucy,Bailey,Iowa
29040,Mia,Miller,North Carolina
29053,Liam,Bell,New Jersey
29092,Layla,Thomas,Kansas
29112,Michael,Mitchell,Florida
29135,Nora,Torres,Maryland
29164,Daniel,Roberts,Michigan
29167,Carter,Cooper,Florida
29183,Skylar,Walker,Oregon
29209,Mila,Bailey,Colorado
29210,Scarlett,Johnson,Alabama
29231,Paisley,Cox,Louisiana
29235,Liam,Miller,Illinois
29245,Patrick,Howard,Pennsylvania
29290,Caleb,Adams,Texas
29315,Lucas,Baker,Arizona
29318,Isabella,Young,Ohio
29360,Aurora,Nelson,Missouri
29369,William,Bell,Georgia
29372,Connor,Walker,North Dakota
29429,Alexander,Anderson,Maine
29458,Violet,Anderson,Wyoming
29500,Caroline,Brown,Wisconsin
29502,Ava,Rivera,Arkansas
29605,Aubrey,Hughes,California
29663,Aurora,Stewart,Illinois
29667,Matthew,Jones,North Dakota
29754,Josiah,Baker,Nebraska
29757,Ella,Jackson,Illinois
29761,Christopher,Perez,Delaware
29816,Paisley,Taylor,New Mexico
29870,Anthony,Reed,Arkansas
29909,Layla,Clark,Texas
29920,Tara,Smith,Tennessee
29937,Skylar,Davis,Vermont
29978,Connor,Rivera,Michigan
30012,Liam,Campbell,Maine
30039,Scarlett,Torres,Wisconsin
30058,Henry,Williams,Iowa
30142,Ava,White,Mississippi
30162,Luke,Ward,Idaho
30179,Aubrey,Stewart,Georgia
30216,Isla,Evans,Rhode Island
30222,Sebastian,Roberts,Arkansas
30237,Benjamin,Rogers,Massachusetts
30245,Everly,Phillips,Nevada
30291,Jake,Hill,Illinois
30379,Amelia,Rivera,Delaware
30398,Lucy,Bell,New Mexico
30399,Nathan,Anderson,Hawaii
30405,William,Baker,California
30465,Aurora,Cox,Connecticut
30475,Liam,Ward,New York
30575,Riley,Campbell,Connecticut
30590,Mila,Campbell,Oklahoma
30597,Christopher,Phillips,Arkansas
30608,Jake,Brown,New Mexico
30614,Paisley,Bailey,Ohio
30639,Charles,Lee,Maryland
30703,Nova,Martin,Missouri
30773,Aurora,Campbell,Kansas
30837,Mila,Ward,Tennessee
30840,William,Scott,Oklahoma
30853,Mia,Davis,Wyoming
30883,Claire,Lee,Hawaii
30901,Adrian,Brooks,Illinois
30986,Gina,Roberts,Iowa
31007,Jackson,Murphy,Hawaii
31028,Zoey,Young,Wyoming
31059,Sebastian,Rivera,Michigan
31105,Alexander,Watson,Maryland
31182,Tara,Hughes,Arkansas
31235,Isaac,Rogers,Washington
31239,Aurora,Baker,Idaho
31242,Josiah,Ramirez,Wisconsin
31294,Jake,Ward,Virginia
31398,Joseph,Young,Texas
31410,Victoria,Martin,Arkansas
31459,Eli,Howard,Delaware
31499,Amelia,Collins,Utah
31596,Jake,Sanchez,Idaho
31602,Kayla,Roberts,South Dakota
31604,David,Jackson,Iowa
31651,Nora,Collins,Wyoming
31674,Stella,Cooper,Texas
31708,Aurora,Scott,Indiana
31811,Charles,Green,North Carolina
31826,Lucas,Davis,Ohio
31860,Rachel,Carter,Nevada
31956,Natalie,White,Wisconsin
31962,Brooklyn,Brown,Rhode Island
31986,Stella,Collins,Delaware
32038,Riley,Howard,Louisiana
32058,Joshua,Reed,Michigan
32315,Alexander,Howard,New Jersey
32366,Jake,Johnson,Kansas
32375,Josiah,Rogers,Nevada
32496,Gina,Sanchez,Idaho
32526,Grace,Wright,South Carolina
32587,Landon,Walker,North Dakota
32637,Anthony,Ward,Washington
32639,Julian,Garcia,Alaska
32681,Hazel,Williams,New York
32700,Isaac,Davis,Vermont
32705,Joseph,Edwards,Oregon
32713,Stella,Peterson,Delaware
32731,Emma,Martinez,South Dakota
32756,Aubrey,Reed,Maine
32801,Charles,Howard,Delaware
32807,Bella,Carter,Washington
32828,Joseph,Brown,Iowa
32848,Claire,Lopez,Rhode Island
32849,Hazel,Cook,Idaho
32854,Mila,Turner,Wisconsin
32878,Olivia,Brooks,Louisiana
32886,Henry,Hall,Tennessee
32941,Ellie,James,Minnesota
32958,Landon,Sanchez,Rhode Island
32959,Nathan,Wilson,Alaska
32995,Rachel,Young,Delaware
33043,Julian,Scott,Oregon
33075,Isaac,Lee,Minnesota
33083,Anthony,Hall,Wisconsin
33118,Anna,Edwards,Vermont
33129,Riley,Adams,Colorado
33181,Isabella,Lee,Washington
33226,Patrick,Jackson,Hawaii
33227,Sebastian,Hall,Delaware
33302,Layla,Sanchez,Texas
33344,Caroline,Jones,Missouri
33363,Michael,Murphy,Hawaii
33403,Anna,King,Utah
33430,Christopher,Jackson,Alabama
33460,Aubrey,Garcia,Texas
33525,Connor,Bailey,New Jersey
33583,Gina,Nelson,Idaho
33626,Gabriel,Taylor,Nebraska
33640,Patrick,Murphy,Oregon
33646,Levi,Mitchell,Massachusetts
33686,Jackson,Campbell,Delaware
33731,Liam,Edwards,New York
33740,Sebastian,Davis,Maine
33874,Wyatt,Evans,Virginia
33876,Isaac,Collins,Maine
33879,Brooklyn,Lee,New York
33891,Nova,Ward,California
33892,Violet,Perez,Michigan
33901,Connor,Cook,Indiana
33950,Julian,Anderson,Illinois
34001,Christian,Jones,Kentucky
34002,Isla,Carter,North Carolina
34003,Lucas,Watson,Ohio
34024,Caroline,Sanchez,North Dakota
34103,Hannah,Campbell,West Virginia
34139,Isabella,Hall,Illinois
34148,Sophia,Clark,Texas
34153,Charles,Thomas,Illinois
34252,Victoria,Baker,Tennessee
34259,Layla,Miller,Montana
34323,Layla,White,Minnesota
34326,Chloe,Morris,New Jersey
34329,Isla,James,Wyoming
34349,Connor,Davis,Vermont
34390,Matthew,Gray,Minnesota
34500,Anna,Thomas,Delaware
34513,Leah,Davis,Iowa
34552,Ursula,Smith,Kentucky
34569,Jake,Peterson,North Carolina
34571,Christian,Cooper,South Carolina
34583,Violet,James,Wyoming
34602,Chloe,Sanchez,Colorado
34610,Kayla,Collins,Wyoming
34613,Owen,Hayes,Alabama
34617,Isaac,Clark,South Dakota
34624,Benjamin,Hall,Virginia
34719,Eli,Bailey,Alaska
34720,Nora,Moore,Maine
34734,Jonathan,Carter,Montana
34749,Samuel,Anderson,West Virginia
34771,Tara,Jones,Louisiana
34832,Connor,Lopez,Colorado
34834,Gina,Peterson,Rhode Island
34861,Owen,Nelson,Maine
34868,Christian,Stewart,Louisiana
34887,Patrick,James,North Carolina
34940,David,Phillips,Georgia
34998,Dylan,Gray,Mississippi
35031,Victoria,King,Tennessee
35034,Gabriel,Turner,Minnesota
35093,Grace,Morris,Indiana
35158,Owen,Young,Utah
35267,Rachel,Rivera,New Jersey
35300,Anna,Howard,Vermont
35303,Matthew,Edwards,Idaho
35335,Addison,Adams,Alabama
35368,Nora,Martin,New York
35369,Henry,Sanchez,Texas
35383,Quinn,Walker,Louisiana
35411,Aria,Green,Kentucky
35413,Noah,Roberts,Arkansas
35482,Luke,Anderson,California
35486,Hunter,Garcia,New York
35546,Skylar,Johnson,West Virginia
35653,Audrey,Bailey,Utah
35657,Aurora,Morris,Iowa
35661,Addison,Anderson,South Dakota
35729,James,Thomas,New Hampshire
35733,Liam,Hughes,New Hampshire
35769,Savannah,Nelson,Tennessee
35805,Nova,Richardson,Louisiana
35947,Owen,Lee,South Carolina
35951,Mila,Miller,New Hampshire
35960,Aaron,Rivera,Idaho
36010,Skylar,Howard,Vermont
36109,Nora,Davis,Delaware
36142,Jonathan,Smith,Nebraska
36187,Adrian,Sanchez,South Dakota
36194,Alexander,Ramirez,Iowa
36199,Lucas,Reed,Alaska
36218,Quinn,Young,California
36259,Jackson,Sanchez,Wisconsin
36267,Layla,Walker,Mississippi
36270,Wyatt,Davis,South Carolina
36288,Hannah,Ward,Rhode Island
36302,Isla,Stewart,Vermont
36339,Kayla,Smith,California
36342,Ava,Richardson,Georgia
36364,Skylar,Rivera,Mississippi
36391,Aria,Martin,Wisconsin
36558,Joseph,Hall,South Carolina
36683,Noah,Baker,Tennessee
36751,Olivia,White,Alabama
36770,Noah,Smith,Connecticut
36781,David,Mitchell,Washington
36825,Sebastian,Garcia,West Virginia
36835,Isla,White,Texas
36845,Sophia,Richardson,Massachusetts
36880,Adrian,Cooper,Massachusetts
36906,Aubrey,Young,South Carolina
36922,Savannah,Roberts,Wyoming
36999,Gabriel,Lee,North Carolina
37077,Jackson,Stewart,Maryland
37151,Jonathan,Lopez,Wisconsin
37154,Chloe,Brooks,Wyoming
37170,Jake,Thompson,Washington
37210,Ella,Phillips,South Dakota
37228,Wyatt,Wright,Virginia
37252,Isabella,Hill,Vermont
37326,Alexander,Bell,Rhode Island
37347,Claire,Johnson,Nevada
37387,Samuel,Thomas,New Hampshire
37389,Anna,Miller,Vermont
37404,Victoria,James,Washington
37413,James,Edwards,Minnesota
37464,Lily,Mitchell,Vermont
37473,Everly,Howard,Minnesota
37577,Brooklyn,Torres,Indiana
37587,Tara,Walker,West Virginia
37598,Natalie,Nelson,New Hampshire
37648,Hannah,Parker,Colorado
37655,Julian,Bell,Louisiana
37667,Chloe,Brooks,Florida
37686,Caleb,Green,Michigan
37755,Aaron,Brooks,Oregon
37801,Michael,James,Pennsylvania
37807,Hazel,Adams,Rhode Island
38057,Emma,Morris,New Mexico
38082,Hunter,Edwards,Alabama
38089,Addison,Rivera,South Dakota
38185,Sebastian,Stewart,Nebraska
38186,Layla,Jackson,Montana
38196,Sebastian,Harris,New York
38219,Kayla,Walker,Arkansas
38241,Victoria,Johnson,Ohio
38288,Brooklyn,Brooks,Maine
38348,Everly,Garcia,West Virginia
38370,Everly,Moore,Nebraska
38437,Audrey,Howard,Utah
38493,Ella,Nelson,Kentucky
38579,Isabella,Adams,Nebraska
38606,Landon,Hall,Virginia
38641,Bella,Thompson,Montana
38657,Brooklyn,Bailey,North Carolina
38658,Gina,Williams,Ohio
38668,Aubrey,James,Wisconsin
38702,Savannah,Smith,Alabama
38707,Quinn,Rivera,West Virginia
38728,Emma,Richardson,Maine
38754,Charles,Parker,Nevada
38763,Kayla,Lee,New Jersey
38780,Bella,Lee,Kansas
38784,Addison,Edwards,New York
38812,Gina,Clark,Hawaii
38845,Mia,Adams,Florida
38854,Landon,White,Alabama
38900,Lucy,Campbell,New Hampshire
38954,Layla,James,Massachusetts
39080,Caroline,Torres,New Mexico
39166,James,Watson,Louisiana
39185,Aubrey,King,California
39206,Christopher,Hall,Kansas
39221,Lucy,Rogers,Minnesota
39263,Carter,Scott,Wisconsin
39266,Ella,Gray,Oregon
39271,Addison,Thomas,Missouri
39279,Amelia,Thomas,South Dakota
39370,Aria,Martin,Delaware
39426,Isaac,Hayes,Utah
39447,Isaac,Thomas,New York
39461,Carter,Cox,Oregon
39465,Tara,King,Louisiana
39473,Lucy,James,New Hampshire
39484,Joshua,Adams,Florida
39567,Victoria,Murphy,Colorado
39572,Carter,Rogers,Illinois
39598,Isabella,Brooks,Maine
39652,William,Ward,Missouri
39662,Victoria,Sanchez,Tennessee
39702,Bella,Mitchell,Utah
39726,Daniel,Wright,Michigan
39822,William,Carter,Delaware
39860,Ursula,Perez,North Carolina
39889,Everly,Baker,Iowa
39933,Christopher,Perez,Tennessee
40024,Gina,Lopez,Arkansas
40036,Paisley,Thompson,Kansas
40048,Andrew,Taylor,Wisconsin
40053,Jake,Morris,Kansas
40067,Joshua,Walker,Maine
40092,Victoria,Cox,Rhode Island
40137,Caroline,Howard,Mississippi
40138,Aurora,Taylor,Montana
40165,Eli,Ward,Maine
40223,Wyatt,Richardson,Colorado
40293,Victoria,Hall,North Dakota
40315,Brooklyn,Clark,South Carolina
40350,Sophia,Thompson,Georgia
40452,Wyatt,Davis,Idaho
40516,Aaron,Adams,Kansas
40601,Violet,Carter,Arkansas
40608,Lucas,Baker,Louisiana
40649,Olivia,Johnson,Maryland
40687,Christian,Hayes,New York
40856,Mia,Rogers,New York
40879,Ryan,Turner,California
40938,Savannah,Stewart,Washington
41006,Isaac,Jackson,Rhode Island
41008,Aubrey,Baker,Georgia
41044,Stella,Clark,West Virginia
41080,Genesis,Clark,New York
41087,Anna,Hall,Texas
41153,Nova,Rogers,Kansas
41179,Charles,Evans,Utah
41188,Hazel,Garcia,Colorado
41239,Stella,Johnson,Connecticut
41244,Anna,Cox,Rhode Island
41287,Josiah,Johnson,New Hampshire
41375,Skylar,Richardson,New York
41407,Alexander,Hall,South Carolina
41442,Isabella,Sanchez,North Carolina
41447,Emma,Nelson,California
41473,Carter,Scott,California
41483,Violet,Miller,Nevada
41505,Ursula,Jackson,Alaska
41526,Patrick,Phillips,Nevada
41562,Kayla,Parker,New Mexico
41569,Aubrey,Howard,Utah
41571,Lucas,Murphy,Hawaii
41615,Audrey,James,North Dakota
41633,Jonathan,Lopez,Georgia
41686,Benjamin,Mitchell,Montana
41714,Samuel,Bailey,Delaware
41728,Joshua,Ramirez,Maine
41752,Riley,Baker,Vermont
41762,Ellie,Brown,New Mexico
41781,Jake,Thomas,Colorado
41809,Nova,Torres,Texas
41871,Jackson,Gray,Maryland
41874,Victoria,Lopez,Connecticut
41895,Adrian,White,Alabama
41953,Luke,Howard,Kansas
41979,Joshua,Brooks,Georgia
41988,Gina,Torres,Texas
42010,Emma,Parker,Maine
42084,Leo,Anderson,Arkansas
42126,Liam,Gray,South Dakota
42127,Quinn,Jackson,Florida
42134,Aubrey,Hughes,Idaho
42139,Victoria,Moore,Maine
42156,Ella,Cooper,Minnesota
42165,Julian,Clark,Iowa
42253,Sebastian,Anderson,Alabama
42284,Josiah,Davis,New Jersey
42308,Skylar,Hughes,South Carolina
42333,Layla,Harris,Alaska
42355,Everly,Brown,Missouri
42383,Tara,Mitchell,New Hampshire
42384,Leo,Phillips,Indiana
42387,Isla,Hayes,North Carolina
42444,Mia,Roberts,Rhode Island
42490,Hannah,Hughes,Idaho
42495,Aria,Gray,Wisconsin
42513,Eli,Cox,Connecticut
42525,Isla,Perez,Arizona
42576,Joshua,Nelson,Kentucky
42634,Grace,Rivera,Washington
42653,Natalie,Lee,Massachusetts
42658,Hunter,Anderson,West Virginia
42710,Addison,Harris,Texas
42716,Layla,Roberts,Georgia
42724,James,Stewart,Alabama
42755,Ella,Smith,Alabama
42846,Charles,Lee,South Dakota
42938,Michael,Gray,Connecticut
43136,Brooklyn,Smith,Virginia
43178,Matthew,Phillips,Minnesota
43260,Amelia,Evans,Texas
43383,Claire,Thomas,Colorado
43386,Samuel,Hill,Utah
43427,Audrey,Martin,Montana
43432,Patrick,Anderson,Alaska
43465,Zoey,Garcia,Virginia
43471,Dylan,Garcia,Washington
43493,Lucas,Reed,Iowa
43497,Claire,Morris,Idaho
43506,Christopher,Thompson,Virginia
43526,Addison,Perez,California
43549,Riley,Richardson,Hawaii
43556,Claire,Smith,Vermont
43558,Anna,Martin,Pennsylvania
43578,Jake,Johnson,Missouri
43581,Rachel,Hayes,Missouri
43599,Leo,Baker,Washington
43600,Mia,Clark,Michigan
43612,Ursula,Cox,South Carolina
43698,Paisley,Smith,Vermont
43821,Nora,Adams,Mississippi
43929,Carter,Gray,Oklahoma
43964,Charlotte,Turner,New Jersey
44092,Christian,Taylor,Alaska
44107,Samuel,Howard,New Jersey
44162,Alexander,Howard,Texas
44177,Michael,Brown,Alaska
44213,Aaron,Young,Oklahoma
44322,Hunter,Jones,New Jersey
44338,Benjamin,Wright,Oregon
44380,Adrian,Adams,Pennsylvania
44384,Wyatt,Cooper,Ohio
44393,Everly,Scott,Vermont
44395,Bella,White,Rhode Island
44441,Sophia,Murphy,Nebraska
44457,Carter,Hayes,Washington
44459,Audrey,Adams,Oregon
44620,Lily,Cox,Nebraska
44660,Zoey,Hughes,Idaho
44763,Owen,Mitchell,Michigan
44776,Audrey,Cook,New Hampshire
44842,Zoey,Scott,Vermont
44898,Levi,Nelson,Missouri
44901,Carter,Taylor,Massachusetts
44915,Aaron,Bailey,Nevada
44925,Lucas,Young,Washington
45014,Benjamin,White,Louisiana
45021,Isabella,Johnson,Indiana
45022,Scarlett,Watson,Nevada
45039,Olivia,Williams,Maryland
45070,Brooklyn,Richardson,Delaware
45079,Stella,Murphy,Oregon
45093,Riley,Lopez,Alabama
45139,Ursula,Smith,Kentucky
45161,Hannah,Gray,Iowa
45169,Jackson,Harris,Washington
45171,Anna,Reed,Illinois
45173,Hannah,Cook,Oregon
45193,Claire,Peterson,North Dakota
45207,Daniel,Howard,Delaware
45221,William,Hayes,Indiana
45234,Christopher,Collins,Florida
45235,Alexander,Rogers,South Carolina
45257,Owen,Bell,Alaska
45324,Christian,Lopez,Delaware
45358,Samuel,Green,Minnesota
45418,Caroline,Ramirez,North Dakota
45451,Aria,Peterson,Connecticut
45553,Paisley,Phillips,Georgia
45557,Wyatt,Hughes,Pennsylvania
45604,Everly,Howard,Massachusetts
45619,Rachel,Peterson,New York
45623,Tara,Jackson,Nevada
45644,Christian,Perez,Alabama
45669,Stella,Ramirez,Utah
45703,Landon,Lopez,Colorado
45725,Nova,Jones,Massachusetts
45753,Aubrey,Phillips,Utah
45806,Gina,James,Florida
45896,Rachel,Lee,Arkansas
45938,Kayla,Williams,Washington
45943,Leah,Cook,Michigan
46038,Isabella,Smith,Texas
46043,Jonathan,Hughes,New York
46118,Emilia,Jones,Wyoming
46136,John,Thompson,Texas
46195,Jake,Richardson,Missouri
46225,Matthew,Martin,Michigan
46268,Paisley,Wilson,North Dakota
46279,Isabella,Lee,Iowa
46355,William,Thomas,New Mexico
46381,Emma,Gray,Delaware
46385,Rachel,White,Alaska
46438,Sophia,Baker,Kentucky
46492,Isabella,Turner,Oregon
46604,Jake,Lopez,Nebraska
46644,Charles,Scott,Georgia
46648,Liam,Lee,Rhode Island
46667,Charles,Bailey,Oregon
46680,Lucy,Green,New Jersey
46698,Joshua,Brown,Washington
46716,Samuel,Rogers,Nebraska
46765,Jackson,Ward,Illinois
46869,Sophia,Garcia,New Hampshire
46871,Mia,Baker,New Jersey
46910,Mila,Harris,Vermont
46949,Lucas,Turner,Michigan
46961,Tara,Lopez,Georgia
46984,Dylan,White,Idaho
47013,Landon,Wright,Utah
47018,Lucas,Thomas,Vermont
47034,Landon,Cox,New York
47045,Levi,Hayes,Iowa
47088,Christian,Phillips,Hawaii
47102,Luke,Cooper,Tennessee
47113,Sebastian,Gray,North Carolina
47120,Joseph,Reed,Virginia
47126,Lucas,Phillips,New Mexico
47128,Connor,Thompson,Colorado
47169,Connor,Watson,Colorado
47187,Scarlett,Adams,Florida
47218,Samuel,Johnson,Delaware
47251,Carter,Torres,Indiana
47287,James,Bailey,Tennessee
47314,Everly,Evans,New Mexico
47326,Patrick,Moore,Kentucky
47335,James,Hill,New York
47341,Connor,Johnson,North Dakota
47390,Kayla,Wilson,Washington
47394,Tara,Stewart,Texas
47407,David,Turner,Georgia
47412,Natalie,Murphy,Michigan
47449,Isla,Evans,Florida
47495,Liam,Hayes,Massachusetts
47577,Natalie,Hayes,Vermont
47583,Gina,Walker,Minnesota
47700,Amelia,King,Florida
47717,Aurora,Reed,Maryland
47724,Quinn,Gray,Indiana
47792,Benjamin,Watson,Washington
47820,Ella,Hughes,Wisconsin
47874,Everly,Wilson,Arkansas
47926,Lily,Ward,New Jersey
47951,Lucy,Jackson,Vermont
47976,Bella,Edwards,Kentucky
47980,Natalie,Morris,Mississippi
48025,Bella,Miller,Alaska
48043,Joseph,Hayes,Vermont
48048,Eli,Anderson,Virginia
48062,Emma,Perez,Georgia
48118,Patrick,Carter,Louisiana
48149,Sophia,Johnson,Minnesota
48214,Benjamin,Rivera,Arizona
48218,Adrian,Jackson,Virginia
48300,Henry,Moore,Arizona
48380,James,Edwards,North Carolina
48474,Sophia,Rogers,South Carolina
48518,Emilia,Bell,Hawaii
48522,Ursula,Murphy,Vermont
48624,William,Clark,Montana
48646,Caleb,Johnson,Alaska
48706,Carter,Nelson,Mississippi
48730,Benjamin,Turner,California
48753,Audrey,Parker,Mississippi
48779,Andrew,Murphy,Oregon
48817,Charles,Jackson,Nebraska
48822,Isla,Smith,Florida
48890,Mila,Reed,Idaho
48899,Adrian,Young,Texas
48916,Mila,Sanchez,Texas
48919,Lucas,Taylor,Wisconsin
48940,Tara,Gray,Connecticut
49003,Amelia,Brooks,Nebraska
49006,Charles,Roberts,Alaska
49067,Lily,Williams,North Carolina
49074,Luke,Walker,Ohio
49097,Luke,Scott,Idaho
49106,Josiah,Green,Ohio
49109,Ellie,Bell,New Hampshire
49151,Isabella,Reed,Mississippi
49246,Scarlett,Adams,North Dakota
49255,Aurora,Martinez,Missouri
49260,Alexander,Wilson,South Dakota
49277,Paisley,White,Pennsylvania
49297,Gabriel,Campbell,Arkansas
49312,Samuel,Reed,Alabama
49426,Caroline,Thomas,Delaware
49445,Scarlett,Johnson,New Jersey
49462,Patrick,Baker,Oklahoma
49469,Ava,Cook,Delaware
49524,Ellie,Gray,Pennsylvania
49540,Levi,Young,North Dakota
49614,Isabella,Baker,Kentucky
49672,Skylar,Clark,Minnesota
49692,Joshua,Williams,Louisiana
49695,Jonathan,Campbell,Colorado
49713,Paisley,King,Iowa
49728,Mia,Mitchell,Oklahoma
49738,Emilia,Cook,Wyoming
49781,Paisley,Taylor,Maryland
49832,Aria,Richardson,New York
49874,Claire,Jones,Vermont
49940,Levi,Collins,Colorado
49999,Stella,Edwards,Washington
50021,Benjamin,Roberts,Virginia
50023,Andrew,Hayes,West Virginia
50047,Benjamin,Wright,Utah
50069,Hunter,Stewart,Utah
50087,Patrick,Johnson,Maryland
50092,Leah,Martin,Alabama
50096,James,Hill,Georgia
50110,Aurora,Jackson,Vermont
50114,Eli,Bell,Indiana
50126,Gina,Gray,Delaware
50196,Aaron,Wilson,Minnesota
50233,Carter,Martin,Idaho
50234,Mila,Jackson,South Carolina
50257,Adrian,Morris,Illinois
50265,Hannah,Brooks,North Dakota
50302,Anthony,Moore,Hawaii
50306,Isla,Hayes,Hawaii
50342,Daniel,James,Virginia
50372,Charlotte,Cook,Georgia
50474,Samuel,Jones,Wyoming
50518,Lucas,Hayes,Connecticut
50536,Benjamin,Jones,South Carolina
50546,Levi,Cook,Delaware
50606,Isabella,Watson,New York
50623,Ella,Hill,Idaho
50656,Anthony,Lee,Kansas
50677,Daniel,Brooks,Arkansas
50685,Samuel,Hughes,Rhode Island
50762,Landon,Stewart,Oklahoma
50767,Bella,James,Wisconsin
50838,Claire,Richardson,Arizona
50847,Sebastian,Mitchell,Virginia
50878,Emilia,Cook,Iowa
50889,Addison,Thompson,Alaska
50893,James,Brown,Massachusetts
50897,Ellie,Cooper,Oklahoma
50960,Sophia,King,Kansas
50968,Landon,Davis,New Jersey
50991,Kayla,Murphy,Minnesota
51005,James,Davis,New Jersey
51011,David,Perez,Virginia
51034,Victoria,Johnson,Missouri
51040,Benjamin,Martin,Missouri
51072,Emilia,Clark,New Mexico
51100,Addison,Gray,Connecticut
51103,Gabriel,Edwards,Utah
51152,Aria,Gray,Ohio
51181,Genesis,Brooks,Oklahoma
51197,Hazel,Rivera,Montana
51348,Luke,Collins,South Carolina
51427,Liam,Anderson,Oklahoma
51535,Levi,Clark,Delaware
51545,Wyatt,Ramirez,Rhode Island
51591,Chloe,Martinez,Alaska
51595,Noah,Mitchell,Wyoming
51597,Julian,Williams,West Virginia
51598,Audrey,Parker,Michigan
51663,Josiah,Rivera,Nevada
51705,Tara,Hill,Nebraska
51753,Gabriel,Gray,Arizona
51784,Joshua,Miller,Minnesota
51840,Zoey,Walker,Florida
51847,Brooklyn,Torres,Arkansas
51873,Anna,Miller,Virginia
51888,Olivia,Lopez,Wisconsin
51892,Chloe,Moore,Colorado
51915,William,Morris,Utah
51933,Aria,Mitchell,Idaho
51951,Josiah,Green,Maryland
51977,Rachel,Jones,Minnesota
51979,Daniel,Cook,Utah
52107,Layla,Hayes,Delaware
52128,Scarlett,Cox,Vermont
52137,Adrian,Peterson,Florida
52141,Quinn,Walker,Louisiana
52147,Christian,Campbell,Washington
52155,Everly,Edwards,Idaho
52182,Luke,Taylor,Mississippi
52195,Charlotte,Howard,West Virginia
52196,Eli,Williams,Alabama
52249,Daniel,Brown,Arizona
52250,Wyatt,Edwards,Georgia
52283,Charlotte,Green,Vermont
52319,Ella,Rogers,Montana
52335,Grace,Edwards,Mississippi
52388,Connor,Williams,New Jersey
52422,Nora,Green,Minnesota
52454,Isaac,Howard,Indiana
52502,Noah,Taylor,Washington
52561,Kayla,Garcia,Tennessee
52602,Victoria,Brooks,Oregon
52605,Ella,Thomas,Wisconsin
52606,Isla,Green,New York
52613,David,Hall,New York
52630,Hazel,Peterson,Washington
52732,Julian,Garcia,Connecticut
52754,Isabella,Wright,Iowa
52918,Michael,James,Tennessee
52958,Lucy,Johnson,Tennessee
52972,Victoria,Bell,Idaho
52973,Luke,Thomas,South Dakota
52976,Violet,Hayes,Missouri
52979,Noah,Garcia,Maryland
53047,Brooklyn,Martin,Arizona
53065,Liam,Mitchell,Virginia
53111,Jonathan,Stewart,Montana
53131,Skylar,Phillips,Missouri
53154,Tara,White,Maine
53201,Alexander,Brown,Rhode Island
53243,Nova,Howard,Wisconsin
53294,Landon,Turner,Arizona
53463,Gabriel,Clark,Mississippi
53468,Sophia,Murphy,Mississippi
53529,Levi,Richardson,Utah
53662,Sophia,Stewart,New Hampshire
53688,Hannah,Howard,Florida
53733,Ellie,Cook,Kentucky
53736,Ella,Martinez,New York
53745,Claire,Hayes,New Hampshire
53774,James,King,Arizona
53807,Patrick,Lee,Montana
53813,Addison,Harris,Oregon
53940,Ursula,Miller,Oregon
53956,Stella,Hall,Colorado
53957,Ursula,Smith,Texas
54003,Emilia,Taylor,New York
54007,Emilia,Miller,Alaska
54067,Natalie,Wright,Tennessee
54070,Hunter,Nelson,Iowa
54100,Skylar,Jackson,Arkansas
54128,Dylan,Collins,Florida
54146,Addison,Wilson,Arkansas
54157,Michael,Martin,Virginia
54187,James,Brown,Ohio
54199,Carter,Nelson,Mississippi
54220,Nova,Young,Arkansas
54246,Bella,Johnson,Wyoming
54262,Nova,Phillips,New Hampshire
54309,Tara,Johnson,New York
54362,Rachel,Anderson,Delaware
54366,Carter,Brooks,Georgia
54369,Skylar,Rivera,Delaware
54421,Adrian,Reed,Oklahoma
54425,Aubrey,Smith,Massachusetts
54444,Sophia,Murphy,Alaska
54519,Landon,Brown,Hawaii
54616,Jonathan,Sanchez,Utah
54619,Leah,Young,Colorado
54629,Luke,Wilson,Nevada
54694,Alexander,Cox,Kentucky
54700,Mia,Edwards,Florida
54727,Ryan,Harris,Wyoming
54800,Leo,Phillips,Iowa
54819,Claire,Anderson,Ohio
54962,Brooklyn,Davis,Wisconsin
54970,Benjamin,Miller,Alaska
54975,Samuel,Reed,Pennsylvania
54996,Aria,Young,North Dakota
55031,Joseph,Ward,Iowa
55049,Paisley,Moore,New Jersey
55097,Aaron,Adams,Mississippi
55104,Matthew,Thompson,New York
55123,Nova,Bailey,Mississippi
55182,Connor,Walker,Connecticut
55212,Landon,Carter,Nevada
55239,Caleb,Lopez,South Dakota
55264,Emilia,Murphy,Mississippi
55349,Hazel,Bailey,North Carolina
55378,Victoria,Edwards,Virginia
55388,Hunter,Garcia,North Dakota
55443,Joshua,Carter,Iowa
55463,Connor,Brooks,New Mexico
55566,Alexander,Hayes,Oklahoma
55592,Ella,Garcia,Oregon
55614,Stella,Evans,Arkansas
55617,Eli,Hayes,Texas
55649,Addison,Hughes,Wisconsin
55667,Ryan,Thompson,Oregon
55701,Ava,Ward,Alaska
55869,Bella,Taylor,Utah
55936,Joshua,Williams,Idaho
55946,Anthony,Young,Indiana
55997,Amelia,Parker,New York
56023,Nathan,Miller,Missouri
56077,Skylar,Clark,Illinois
56147,John,Hayes,South Dakota
56239,Benjamin,Smith,Delaware
56265,Andrew,Adams,West Virginia
56324,Ella,Davis,Iowa
56333,David,Perez,Oregon
56383,Ellie,Brown,Alabama
56469,Natalie,Turner,Ohio
56518,Bella,Turner,Alaska
56538,Nathan,Rivera,Nevada
56634,Sebastian,Cox,Texas
56657,David,Turner,New Mexico
56714,Nova,Young,Georgia
56751,Lucy,Hayes,Georgia
56829,Isla,Rivera,Wisconsin
56834,Christopher,Murphy,New Hampshire
56857,Caroline,Brooks,North Dakota
56874,Julian,Thomas,New Jersey
56941,Benjamin,Wright,Hawaii
56947,Anna,Davis,Wisconsin
57006,Scarlett,Hughes,Vermont
57011,Olivia,Collins,Missouri
57025,Nathan,Jackson,Kentucky
57049,Claire,Morris,California
57113,Emma,Roberts,Pennsylvania
57147,Adrian,Ward,California
57165,Noah,Martinez,Indiana
57167,Hazel,Sanchez,Nevada
57263,Andrew,Collins,Louisiana
57361,Paisley,Green,West Virginia
57392,Anthony,Wright,Illinois
57444,Mila,Baker,Oregon
57467,Mia,Thompson,New Mexico
57472,Anna,Ramirez,Rhode Island
57530,Eli,Carter,Washington
57538,Benjamin,Garcia,Texas
57564,Patrick,Collins,Missouri
57603,Violet,Hill,Oregon
57636,Aaron,Williams,New Hampshire
57737,William,Scott,New York
57758,Hazel,Clark,Wyoming
57832,Isla,Roberts,Mississippi
57861,Mia,Wright,Kansas
57996,Scarlett,Ramirez,Arkansas
58015,Jake,Green,New Hampshire
58061,Jackson,Campbell,New Jersey
58134,Christopher,Martin,South Dakota
58159,Josiah,Smith,Iowa
58165,Natalie,Peterson,Hawaii
58166,Claire,Howard,Indiana
58173,Mila,Morris,California
58179,Mia,Rogers,South Carolina
58185,Sophia,Scott,Idaho
58221,Sebastian,Rivera,Montana
58320,Natalie,Gray,Alaska
58337,Olivia,Green,Oklahoma
58406,Hazel,Gray,Indiana
58413,Joseph,Brown,Utah
58473,Gabriel,Williams,Connecticut
58500,Zoey,Phillips,Kansas
58507,Sophia,Campbell,New Jersey
58514,Jonathan,Wilson,Kentucky
58528,Isabella,Rivera,Kansas
58559,Dylan,Baker,South Dakota
58571,Aria,Lopez,Utah
58587,Layla,Lopez,Arkansas
58636,Zoey,Davis,Kansas
58640,Nathan,Howard,Oregon
58680,Layla,Hayes,Louisiana
58698,Julian,Adams,New York
58754,Hannah,Cox,Wyoming
58833,Jackson,Jackson,Kansas
58927,Anthony,Ward,West Virginia
58956,Claire,Wilson,Oregon
58973,Jake,Rogers,South Dakota
58977,Lucas,Morris,New York
59001,Noah,James,Washington
59063,David,Thompson,Hawaii
59090,Charles,Perez,Connecticut
59120,Charlotte,Collins,Nevada
59148,Dylan,Perez,Alabama
59167,Emma,Roberts,Wisconsin
59177,Christian,White,New Jersey
59229,Levi,Miller,Alabama
59251,Dylan,Collins,Utah
59351,Emilia,Thompson,Maryland
59397,Lily,Moore,Alaska
59414,James,Brown,Washington
59422,Caleb,Brooks,Louisiana
59445,Ellie,Carter,Mississippi
59455,Josiah,Parker,Maryland
59537,Josiah,Campbell,South Dakota
59617,Benjamin,Sanchez,Nebraska
59666,Aubrey,Cooper,Arizona
59691,Aubrey,Peterson,Missouri
59706,Emma,Cooper,South Dakota
59782,Caleb,Jackson,New York
59859,Zoey,Thompson,New Mexico
59896,Adrian,Williams,Maryland
59927,Benjamin,Torres,Vermont
59939,Hannah,Turner,Florida
59940,Paisley,Carter,Montana
59967,Gina,Peterson,South Carolina
60005,Audrey,Martinez,North Dakota
60025,John,Thompson,Oregon
60050,Nora,Anderson,Michigan
60074,Aurora,Edwards,Vermont
60129,Landon,Sanchez,Utah
60151,Sebastian,Murphy,Wisconsin
60225,Kayla,Walker,South Carolina
60242,Lucy,Morris,Alabama
60261,Christopher,Evans,Virginia
60274,Violet,Anderson,Wisconsin
60291,Leah,Mitchell,Tennessee
60402,Jake,Watson,Arizona
60441,Isabella,Evans,North Dakota
60487,Riley,Lopez,Texas
60502,Jonathan,Wright,Kentucky
60523,Nova,Gray,Delaware
60558,Paisley,Harris,Connecticut
60660,Michael,Martinez,Utah
60766,Lucy,Bailey,Maryland
60876,Nova,James,Kentucky
60884,David,Anderson,Arizona
60886,Grace,Hughes,Georgia
60946,Connor,Scott,Kentucky
60953,William,Baker,Washington
61009,Zoey,Hall,Mississippi
61043,Andrew,Baker,New Hampshire
61056,Quinn,Lee,Alabama
61222,Eli,Adams,Kansas
61271,John,Baker,New Jersey
61335,Lucy,Rivera,Arizona
61449,Ella,Davis,Montana
61493,Violet,Perez,Illinois
61598,Charlotte,Watson,New York
61610,Genesis,Torres,Alabama
61661,Nathan,Parker,Arkansas
61723,Patrick,Rivera,Alabama
61774,David,Cox,New York
61806,Carter,Lopez,California
61827,Benjamin,Smith,Maryland
61859,Ella,Harris,Alaska
61880,Zoey,Collins,Louisiana
61889,Isabella,Rivera,Wisconsin
61922,William,Garcia,Utah
61924,Zoey,Phillips,Montana
61979,Sophia,Jackson,California
61994,Olivia,Brooks,Massachusetts
62074,Grace,Jackson,Massachusetts
62095,Matthew,Johnson,Oklahoma
62103,Hunter,Williams,New Mexico
62114,Layla,Campbell,South Dakota
62121,Zoey,Walker,Delaware
62171,Jake,Jones,New York
62226,Layla,James,Wisconsin
62240,Lily,Davis,Colorado
62280,John,Rogers,Maine
62304,Aurora,Parker,Georgia
62336,Ellie,Roberts,Nebraska
62340,Henry,Parker,Massachusetts
62387,Scarlett,Williams,New Hampshire
62394,Amelia,Taylor,New Jersey
62455,Kayla,Jackson,Michigan
62471,Daniel,Martin,Missouri
62473,Audrey,Torres,Washington
62510,Brooklyn,Carter,Arizona
62524,Kayla,Thompson,West Virginia
62560,Ursula,Martin,Idaho
62563,Brooklyn,Hayes,Delaware
62630,Quinn,Williams,North Dakota
62639,Hunter,Carter,South Carolina
62673,Quinn,Hughes,Hawaii
62750,Ellie,Smith,Florida
62784,Hazel,Wilson,Colorado
62794,Jackson,Green,Oregon
62859,Olivia,Ramirez,Nevada
62886,Lucy,Smith,Maryland
62887,Josiah,Campbell,Arizona
62947,Gina,Smith,Hawaii
62973,Joshua,Baker,Nevada
63008,Charlotte,Stewart,New Mexico
63057,John,Reed,Ohio
63063,Leo,Johnson,Georgia
63101,Samuel,Anderson,Delaware
63135,Josiah,Taylor,Nevada
63175,Nova,Garcia,Missouri
63213,Charles,Martinez,Iowa
63231,Michael,Thompson,Connecticut
63233,Nathan,Stewart,Oklahoma
63242,Stella,Hayes,Delaware
63267,Jonathan,Richardson,Florida
63272,Anthony,Sanchez,Alabama
63291,Christopher,Williams,Massachusetts
63292,Owen,Baker,Iowa
63308,Kayla,Collins,Missouri
63314,John,Murphy,Illinois
63338,Lucy,Sanchez,Rhode Island
63346,Emilia,Williams,Maryland
63365,Jake,Garcia,Oregon
63373,Emma,Collins,Texas
63398,James,Brooks,Arkansas
63411,Jake,Brooks,South Dakota
63418,Caleb,Baker,Indiana
63473,Charles,Brooks,California
63490,Alexander,Harris,Wyoming
63507,Hazel,Mitchell,Virginia
63599,Riley,Campbell,Minnesota
63625,Mia,Jackson,Oregon
63627,Ryan,Parker,Florida
63709,Aurora,Anderson,Alabama
63718,Jake,Scott,Wisconsin
63746,Sophia,Peterson,Georgia
63782,Lucas,Morris,Connecticut
63882,Levi,Peterson,North Dakota
63906,Mila,Smith,Texas
63913,Anthony,Torres,Oklahoma
63928,Eli,Scott,Montana
63957,Caroline,Collins,Arkansas
63958,Julian,Cox,Massachusetts
63996,Genesis,Bailey,Mississippi
64008,Lucy,Sanchez,West Virginia
64016,Everly,Ramirez,Washington
64042,Kayla,Martinez,Maryland
64044,Matthew,Bell,Idaho
64079,Noah,Ramirez,Oklahoma
64099,Riley,Moore,Louisiana
64166,Kayla,Wilson,Ohio
64206,Kayla,Richardson,South Carolina
64269,Aubrey,Martin,Hawaii
64313,Genesis,Lopez,Colorado
64316,Luke,Ramirez,South Dakota
64337,Noah,Brown,Louisiana
64348,Sophia,Wright,Delaware
64382,Ellie,Johnson,Louisiana
64397,Nora,Sanchez,Alabama
64430,Charlotte,Roberts,Nevada
64449,Aurora,Phillips,Colorado
64509,Connor,Morris,Mississippi
64537,Ava,Lee,West Virginia
64541,Natalie,Williams,Wisconsin
64578,Ellie,Murphy,South Dakota
64586,Rachel,Campbell,Nebraska
64617,Gabriel,Mitchell,South Dakota
64632,Chloe,Cook,Maine
64642,Andrew,Edwards,Illinois
64674,Henry,Mitchell,Hawaii
64729,Bella,Garcia,New York
64794,Emilia,White,Wisconsin
64863,Brooklyn,Young,Illinois
64897,Riley,Rogers,Nebraska
65090,James,Campbell,California
65128,Connor,Johnson,Colorado
65135,Owen,Harris,Idaho
65158,Aaron,Evans,Vermont
65291,Riley,Roberts,Arkansas
65314,Everly,Perez,Nebraska
65339,Charlotte,Morris,Arizona
65425,Everly,Baker,Ohio
65433,Aurora,Roberts,Montana
65474,Dylan,Johnson,North Dakota
65482,Skylar,Martin,Alaska
65490,Savannah,Hill,South Carolina
65504,Charlotte,Carter,Alabama
65583,Zoey,Smith,New Hampshire
65625,Nathan,Watson,Missouri
65698,Addison,Evans,Texas
65721,Andrew,Reed,Alabama
65783,Zoey,Lopez,Georgia
65800,Dylan,Wright,Oregon
65874,Carter,Gray,Alabama
65876,Gina,Hayes,Alaska
65911,John,Edwards,Florida
65920,David,Torres,Connecticut
65949,Charlotte,Martinez,Virginia
65950,Anthony,Murphy,Wyoming
65960,Scarlett,Thomas,Illinois
66007,Amelia,Walker,West Virginia
66051,Owen,Parker,Ohio
66072,Daniel,Richardson,Tennessee
66073,Mia,Nelson,Kentucky
66146,Matthew,Moore,Michigan
66174,Violet,Turner,Pennsylvania
66186,Daniel,Thomas,Hawaii
66207,Mila,Morris,Georgia
66243,Ellie,Parker,Virginia
66251,Connor,White,Louisiana
66255,Quinn,Taylor,Kansas
66307,William,Walker,Georgia
66309,Victoria,Garcia,New Hampshire
66365,Riley,White,Idaho
66416,Lily,Ward,North Dakota
66453,Hannah,Scott,Maryland
66526,Ursula,Cook,South Dakota
66544,Michael,Morris,Michigan
66576,Scarlett,James,Minnesota
66594,Claire,Carter,Mississippi
66728,Scarlett,Cox,Oklahoma
66729,Amelia,Sanchez,Kansas
66755,Grace,Moore,New Mexico
66780,Mia,Martinez,Washington
67000,Ella,Hill,Alabama
67004,Mia,Young,Oregon
67018,Ella,Stewart,New Jersey
67052,Tara,Thompson,Maine
67067,Ava,Morris,Iowa
67095,Charlotte,Parker,Kansas
67113,Genesis,Moore,Florida
67145,Sophia,Morris,Montana
67154,Rachel,Green,Arizona
67170,Skylar,Bailey,Nebraska
67247,Rachel,Murphy,Minnesota
67281,Anna,Turner,Iowa
67293,Wyatt,Thompson,Tennessee
67376,Leo,Carter,Texas
67377,Benjamin,Miller,Ohio
67450,Amelia,Lee,Georgia
67457,Charles,Jones,Indiana
67488,Samuel,Ramirez,Virginia
67511,Anthony,Baker,Wisconsin
67541,Joshua,Nelson,Maine
67637,Aubrey,Bell,Florida
67708,Christian,Hall,Minnesota
67781,Liam,Morris,Nebraska
67798,Noah,White,Washington
67799,Skylar,Morris,Wisconsin
67813,Hunter,Scott,Oklahoma
67817,Isla,Phillips,Maryland
67820,Liam,Parker,West Virginia
67840,Owen,Lopez,Illinois
67846,Zoey,Brown,Louisiana
67865,Aubrey,Anderson,Maine
67902,Layla,Rivera,New Jersey
67944,Kayla,Edwards,Kentucky
67961,Jonathan,Cooper,Nebraska
67980,Ryan,Harris,Idaho
68015,Dylan,Wright,Utah
68022,Riley,Williams,Montana
68139,Quinn,Hall,Arkansas
68189,Adrian,Brooks,Connecticut
68216,Zoey,Watson,Arizona
68226,Anthony,Peterson,Ohio
68295,Chloe,Gray,South Carolina
68297,Andrew,Harris,Tennessee
68336,Genesis,Morris,Hawaii
68341,Addison,Nelson,Nevada
68351,Lucy,Garcia,Pennsylvania
68378,Nathan,Ramirez,Pennsylvania
68380,Audrey,Cox,Ohio
68389,Leo,Hill,Oregon
68406,Grace,Campbell,Connecticut
68437,David,Ramirez,Arizona
68517,Nora,Brooks,Tennessee
68525,Ava,Young,Arkansas
68590,Charles,Turner,Florida
68593,John,Evans,New Jersey
68595,Henry,Smith,Ohio
68612,Ella,Roberts,Louisiana
68615,Nathan,Stewart,Wisconsin
68664,Aubrey,Williams,New Mexico
68669,Matthew,Phillips,Idaho
68676,Patrick,Collins,Colorado
68685,Christopher,Jackson,Ohio
68692,Brooklyn,Davis,South Dakota
68710,Brooklyn,Campbell,Pennsylvania
68756,Kayla,Smith,Massachusetts
68779,Ella,Garcia,Maryland
68790,Alexander,Cook,Arkansas
68797,Christian,Edwards,Florida
68814,Stella,Clark,New York
68819,Audrey,Brown,Illinois
68831,Patrick,Rivera,South Carolina
68888,Brooklyn,Martinez,Minnesota
68964,Jackson,Miller,Hawaii
69009,Riley,White,North Dakota
69019,Wyatt,Collins,California
69020,Isla,Green,North Carolina
69069,Isaac,Nelson,Washington
69082,Leo,Howard,Delaware
69102,David,Phillips,Ohio
69141,Christian,Martin,Pennsylvania
69148,Levi,Johnson,Connecticut
69439,Jake,Roberts,Vermont
69491,Levi,Davis,New Hampshire
69493,Nova,Davis,Idaho
69544,Anthony,Jones,Alabama
69546,Violet,Watson,Kentucky
69615,Julian,Turner,Kentucky
69633,James,Martinez,Indiana
69703,Andrew,Thomas,Kentucky
69717,Charlotte,Peterson,Maine
69755,Sophia,Green,Nevada
69772,Hunter,Rivera,Kansas
69785,Jake,Murphy,New York
69822,Noah,Clark,Iowa
69956,Charles,Richardson,Alabama
69988,Isabella,Thomas,Kansas
70022,Emilia,Phillips,Rhode Island
70051,Leo,Garcia,Louisiana
70063,Dylan,Ward,West Virginia
70064,William,Martinez,Connecticut
70079,Jackson,Williams,North Carolina
70090,Lucas,Rogers,Idaho
70175,Gabriel,Stewart,Massachusetts
70188,Isla,Young,Wyoming
70201,Connor,Hall,Connecticut
70219,Wyatt,Jones,Arizona
70236,Lucas,Jackson,Oregon
70290,Leah,Ramirez,Delaware
70306,Aaron,Edwards,Utah
70308,Skylar,Wright,Oklahoma
70368,Aubrey,Edwards,Arkansas
70400,Josiah,Richardson,Missouri
70490,Eli,Smith,South Dakota
70505,Emma,Peterson,Colorado
70584,Connor,Moore,Kentucky
70604,Paisley,Bailey,South Dakota
70613,Nova,Cox,Maryland
70617,John,Howard,Oklahoma
70674,Zoey,James,Wyoming
70697,Gabriel,Jackson,Tennessee
70742,Joshua,Torres,Rhode Island
70785,Sophia,Clark,Alabama
70835,Benjamin,Stewart,Wisconsin
70836,Everly,Murphy,Vermont
70869,Chloe,Edwards,Rhode Island
70895,Ava,Lee,Arizona
70909,Sebastian,Thomas,Georgia
70955,Owen,Brown,New Jersey
70979,Lucy,Bell,Utah
71032,Michael,Wright,Tennessee
71056,Anna,Richardson,Idaho
71068,Andrew,Jackson,Louisiana
71072,Landon,Lopez,Massachusetts
71089,Isaac,Reed,New York
71157,Mila,Roberts,Illinois
71171,Kayla,Turner,North Carolina
71205,Savannah,Young,Idaho
71237,Gina,Johnson,New Hampshire
71282,Aurora,White,New Hampshire
71297,Benjamin,Rivera,New Jersey
71333,Stella,Brooks,Kentucky
71353,Hazel,Turner,Louisiana
71358,Anna,Hill,Michigan
71367,Josiah,Jones,Massachusetts
71419,Genesis,Rogers,Massachusetts
71449,Owen,Clark,Connecticut
71471,Levi,Perez,Kentucky
71616,David,James,Massachusetts
71629,Olivia,Parker,Michigan
71668,Ellie,Wilson,Indiana
71720,Ava,Cox,West Virginia
71745,John,Baker,Indiana
71802,Lucas,Sanchez,Alaska
71833,Grace,Rogers,Colorado
71865,Aria,Cox,Hawaii
71886,Adrian,Torres,Wisconsin
71902,Lucas,Howard,Vermont
71945,Landon,Torres,Maryland
71947,Connor,Murphy,Rhode Island
71955,Claire,Gray,Maryland
71984,Genesis,Ramirez,West Virginia
71998,Samuel,Miller,Minnesota
72001,Nova,Edwards,Ohio
72032,John,King,Montana
72039,Hannah,Williams,North Dakota
72071,John,Martin,Massachusetts
72134,Levi,White,Massachusetts
72136,Joshua,Howard,Ohio
72145,Olivia,Hall,Mississippi
72185,Adrian,Thomas,California
72200,Sophia,Jones,Hawaii
72205,Charlotte,Davis,Wisconsin
72210,Liam,Roberts,Texas
72220,Jackson,Jones,Nevada
72254,Ellie,Hill,Tennessee
72265,Joshua,Adams,Arkansas
72279,Charlotte,Jones,Arkansas
72364,Riley,Edwards,Wyoming
72381,Nora,Rivera,Nevada
72398,Savannah,King,Kentucky
72408,Adrian,Watson,New York
72458,Skylar,Cox,Virginia
72465,Lucy,Clark,Maine
72468,Paisley,Parker,Michigan
72612,Zoey,James,Kansas
72651,Genesis,Roberts,Utah
72659,Aria,Bell,Michigan
72661,Hannah,Baker,Indiana
72669,Jonathan,Garcia,Virginia
72728,Jake,Green,California
72782,Liam,Collins,Iowa
72786,Rachel,Hill,Colorado
72833,Jonathan,Wright,Oregon
72837,Jonathan,Rivera,Utah
72854,Ellie,Martinez,Rhode Island
72889,Hunter,Mitchell,Oregon
72969,Landon,Hill,Georgia
73018,Quinn,Bell,Delaware
73023,Andrew,Brown,Virginia
73054,Stella,Campbell,Vermont
73124,Mia,Walker,Maryland
73151,Lucy,Anderson,Pennsylvania
73171,Samuel,Parker,New Mexico
73180,Gina,Garcia,Arkansas
73240,Skylar,Brooks,Connecticut
73249,Olivia,Stewart,Nevada
73256,Andrew,Jackson,Michigan
73270,Rachel,Carter,Oregon
73283,Sebastian,Adams,North Dakota
73284,Brooklyn,Ramirez,Nevada
73293,Mila,Edwards,North Dakota
73320,Eli,Peterson,Tennessee
73372,Aubrey,Rivera,North Dakota
73373,Caleb,Perez,Illinois
73381,Aubrey,Richardson,Oklahoma
73384,Gabriel,Stewart,Alabama
73408,Ava,Baker,Maryland
73520,Sebastian,Wilson,Alabama
73546,Isla,Wilson,Utah
73572,Mia,Sanchez,Michigan
73590,Everly,Cook,North Dakota
73653,Luke,Clark,Hawaii
73666,Luke,Rogers,Pennsylvania
73675,Benjamin,Clark,Montana
73691,Amelia,Phillips,Illinois
73747,Aria,Hill,Illinois
73759,Christopher,Walker,Colorado
73780,Ella,Hughes,Arkansas
73799,Aaron,Bailey,Virginia
73806,Addison,Reed,New Mexico
73852,Lily,Cooper,New York
73907,Andrew,Adams,Connecticut
73912,John,Howard,Minnesota
73915,Jake,Nelson,Nebraska
73972,Emma,Anderson,Nebraska
73973,Ursula,Mitchell,Arizona
74022,Paisley,Watson,Kentucky
74056,Emma,Jackson,Georgia
74112,Brooklyn,Green,New Mexico
74135,Kayla,White,Rhode Island
74144,Carter,Ward,Utah
74157,Daniel,Hayes,Massachusetts
74227,Charlotte,Richardson,North Carolina
74228,Nova,Hayes,Utah
74241,Connor,Peterson,New York
74262,Owen,Cox,North Carolina
74333,Stella,Taylor,New Hampshire
74364,Gina,Ward,West Virginia
74378,Quinn,Harris,Washington
74399,Sophia,Collins,Nevada
74456,Genesis,Lee,Maryland
74481,John,Evans,Nebraska
74503,Jonathan,James,Delaware
74527,Jake,Lopez,Kansas
74637,Charlotte,Collins,Maine
74672,Olivia,James,Maine
74688,Noah,Taylor,Massachusetts
74732,Julian,Walker,New York
74814,Josiah,Wilson,Georgia
74832,Isaac,Torres,Illinois
74874,Andrew,Hall,Delaware
74894,Aurora,Collins,Vermont
74898,Olivia,Rivera,South Dakota
74943,Mia,Martinez,South Dakota
74970,Stella,Anderson,South Dakota
74985,Quinn,Campbell,Utah
74995,Henry,Phillips,Indiana
74999,Emma,Perez,Wisconsin
75005,Zoey,Williams,Arizona
75022,Caroline,Walker,Massachusetts
75025,Sebastian,Clark,New Jersey
75043,Hunter,Carter,Montana
75076,Mila,James,South Dakota
75078,Gina,Phillips,Hawaii
75107,James,Harris,Florida
75108,John,Hall,Connecticut
75161,Chloe,Hughes,Virginia
75166,Amelia,Roberts,Iowa
75167,John,Nelson,Rhode Island
75182,Alexander,Moore,New Mexico
75190,Ava,Hill,Rhode Island
75208,James,Taylor,Alaska
75268,Hannah,Turner,Maryland
75297,Christopher,Evans,Indiana
75320,Mia,Moore,New Jersey
75355,Genesis,Rivera,New York
75403,Levi,Watson,Minnesota
75452,Riley,Martin,Colorado
75454,Alexander,Anderson,Nebraska
75461,Joshua,Sanchez,Mississippi
75499,Benjamin,Carter,Maryland
75557,Bella,Hughes,Wisconsin
75583,Scarlett,Mitchell,Virginia
75599,Quinn,Garcia,Alabama
75613,Levi,Garcia,Idaho
75627,Amelia,Moore,Maine
75634,Leah,Howard,West Virginia
75671,Ursula,Mitchell,Vermont
75682,Jonathan,Brown,Virginia
75684,Zoey,White,New Jersey
75709,Chloe,Torres,Kentucky
75813,Layla,Williams,West Virginia
75857,Anna,Cook,Rhode Island
75866,Andrew,Rogers,New Mexico
75932,Olivia,Rivera,Arkansas
75942,Lily,Taylor,Montana
75977,Lucas,Jones,Maryland
76162,Mia,Wright,Louisiana
76199,Alexander,Peterson,Maine
76253,Lucy,Johnson,Mississippi
76256,Charlotte,Young,Iowa
76262,Addison,Bell,North Carolina
76369,Tara,Thompson,Arizona
76404,Jackson,Thomas,Vermont
76426,Scarlett,Morris,South Carolina
76468,Nova,Watson,Kentucky
76472,Landon,Harris,Massachusetts
76489,Emma,Anderson,Illinois
76506,Adrian,Thomas,California
76515,Landon,Torres,Kansas
76518,Grace,Mitchell,Pennsylvania
76590,William,Lopez,Florida
76644,Everly,Ward,New Mexico
76668,Landon,Thomas,West Virginia
76709,Samuel,Torres,Utah
76737,Michael,Cooper,Nebraska
76792,Kayla,Cooper,Pennsylvania
76825,Liam,Johnson,Vermont
76851,William,King,Utah
76856,Isaac,Wilson,Idaho
76910,Aurora,Cox,Montana
76918,Sophia,Reed,Louisiana
76923,Landon,Watson,Tennessee
76988,Claire,Wright,Mississippi
77016,Matthew,Mitchell,Nebraska
77023,Samuel,Brown,North Dakota
77028,David,Brooks,Maryland
77114,Hannah,Smith,Delaware
77128,Aria,Evans,Nevada
77161,Emilia,Jackson,Wisconsin
77220,Charlotte,Thomas,California
77258,Grace,Cooper,Kansas
77276,Tara,Harris,Arkansas
77294,Mila,Perez,Maryland
77307,Isabella,Hughes,Iowa
77342,Ella,Murphy,California
77380,Scarlett,Bailey,Missouri
77392,Gina,Peterson,Arizona
77396,Benjamin,Miller,Texas
77437,Savannah,White,Pennsylvania
77471,Genesis,Morris,Illinois
77510,Quinn,Wright,Washington
77530,Olivia,Morris,Wisconsin
77536,Jackson,Campbell,Virginia
77541,Josiah,Phillips,New Jersey
77637,Connor,Watson,Maryland
77740,Gina,Martin,Texas
77762,Benjamin,Hughes,Mississippi
77926,Michael,Murphy,Washington
77940,Dylan,Roberts,Maryland
77946,Hunter,Johnson,Montana
77960,Charles,Johnson,Virginia
77962,Joseph,Perez,Utah
78094,Adrian,Clark,Vermont
78105,Ursula,Jones,Illinois
78118,Noah,Torres,Minnesota
78187,Hannah,Watson,Illinois
78246,Anthony,Wright,Wisconsin
78267,Layla,Carter,Montana
78288,Levi,Edwards,Massachusetts
78304,Lucas,Jones,North Dakota
78334,Joseph,Cook,New Hampshire
78350,John,Parker,California
78363,Andrew,Richardson,Kansas
78365,Charles,Thomas,Vermont
78411,Stella,Wright,New Mexico
78426,Jonathan,Brown,Louisiana
78519,Isla,Lee,Georgia
78570,Skylar,Clark,Kansas
78658,Amelia,Garcia,Arizona
78679,William,Rogers,California
78718,David,Miller,Idaho
78732,Gabriel,Hill,West Virginia
78736,Bella,King,Utah
78747,Isabella,Torres,Nevada
78771,Julian,Thompson,New York
78775,Andrew,Brooks,South Dakota
78814,John,Cox,Nevada
78853,Alexander,Clark,North Carolina
78892,Audrey,Reed,Connecticut
78961,Scarlett,Lopez,Georgia
79008,Connor,Gray,South Carolina
79044,Layla,Sanchez,Massachusetts
79056,Isla,Scott,Georgia
79074,Samuel,James,Pennsylvania
79187,Ryan,Reed,New Jersey
79198,Daniel,Brooks,Louisiana
79294,Rachel,Thomas,Kansas
79295,Emilia,Rogers,North Carolina
79395,Jackson,Thomas,Alaska
79446,Ryan,Martinez,West Virginia
79449,Charles,Stewart,Nevada
79465,Christopher,Taylor,New Jersey
79474,Genesis,Turner,New Hampshire
79481,Sebastian,Cox,Nevada
79523,Matthew,Howard,Missouri
79550,Aaron,Martin,Michigan
79577,Everly,Cook,Kentucky
79598,Hunter,Ramirez,California
79603,Quinn,Collins,Delaware
79611,James,Taylor,Rhode Island
79702,William,Green,Louisiana
79836,Kayla,White,North Carolina
79845,James,Thompson,Oklahoma
79877,Julian,Watson,Oklahoma
79917,Patrick,Nelson,Nebraska
79922,Lucas,Williams,South Dakota
79923,Aria,Perez,Pennsylvania
79926,Jonathan,Stewart,Kansas
79929,Christopher,Hill,Wisconsin
80165,Amelia,Morris,Delaware
80227,Samuel,Hill,North Dakota
80231,Mila,Rivera,Vermont
80234,Isaac,Brown,Colorado
80300,Sophia,Evans,Georgia
80356,Leah,Baker,California
80374,Wyatt,Collins,New York
80418,Anna,Bailey,Iowa
80435,Ava,Johnson,Mississippi
80452,Victoria,Torres,Washington
80458,Eli,Wilson,Florida
80475,Joshua,Smith,Missouri
80531,James,Hall,Rhode Island
80534,Lily,Turner,Montana
80539,Anna,Brown,Michigan
80540,Emilia,Lee,Wisconsin
80555,Mila,Torres,Nevada
80573,Kayla,Richardson,Massachusetts
80581,Scarlett,Hall,Maryland
80582,Isabella,Perez,Wisconsin
80592,Chloe,Clark,New Jersey
80595,Rachel,Hall,Nevada
80641,Levi,Roberts,New Jersey
80676,Charlotte,Baker,Alaska
80734,Quinn,Taylor,Washington
80789,Mia,Green,South Dakota
80839,Scarlett,Williams,Oregon
80854,Isla,Evans,Arizona
80869,Sophia,Peterson,Nevada
80885,Aria,Richardson,Tennessee
80956,Ella,Wright,Delaware
80962,Christopher,King,Nebraska
80968,Ursula,Peterson,Kansas
81062,Aubrey,Cook,Connecticut
81067,Caroline,Parker,Iowa
81097,Hunter,Perez,North Carolina
81115,Leo,Lee,Georgia
81133,Julian,James,Wyoming
81134,Carter,Roberts,New York
81139,Mila,Morris,Nevada
81148,Isabella,Torres,Alabama
81180,Quinn,Williams,Louisiana
81187,Sebastian,Johnson,Michigan
81242,Emilia,Thompson,New York
81256,Christopher,Peterson,Ohio
81301,Emilia,Morris,Montana
81329,Joshua,Nelson,Connecticut
81332,Olivia,Ward,Louisiana
81390,Riley,Bell,New Hampshire
81400,Liam,Hughes,New Jersey
81438,Zoey,Morris,Missouri
81450,Paisley,Moore,Tennessee
81452,Skylar,Reed,New Hampshire
81496,Isaac,Hill,West Virginia
81512,Benjamin,Perez,Texas
81601,Christian,Hayes,Virginia
81725,Scarlett,Gray,Connecticut
81731,Ryan,Watson,Colorado
81763,Leah,Campbell,Colorado
81765,Olivia,Ramirez,Utah
81775,Christopher,Martin,Michigan
81781,Anna,Young,Washington
81785,Caroline,Lopez,Oklahoma
81837,Lucas,Reed,New Mexico
81885,Nova,Bell,Alaska
81910,Alexander,Thompson,New Mexico
82031,Lucas,Davis,Washington
82037,Owen,Cooper,Nebraska
82050,Caroline,Torres,Wisconsin
82062,Patrick,Walker,Alaska
82068,Hazel,Adams,New Jersey
82088,Lucy,Wilson,North Dakota
82123,Riley,Davis,Iowa
82214,Sophia,Thompson,Hawaii
82232,Hannah,Wilson,Nevada
82241,James,Clark,Virginia
82273,Daniel,Carter,Maine
82311,Eli,Martin,New Hampshire
82565,Josiah,Edwards,New Mexico
82611,Layla,Wilson,New Mexico
82615,Julian,Watson,Rhode Island
82657,Hazel,Ward,West Virginia
82703,Gina,Hall,Tennessee
82714,Joseph,Richardson,Kansas
82716,Nathan,Thomas,New York
82760,Rachel,Collins,Washington
82774,Natalie,Brown,Delaware
82810,Christian,Thompson,Kentucky
82812,Leo,Ward,Missouri
82842,Sebastian,Miller,Maryland
82888,Levi,Ramirez,Indiana
82899,Brooklyn,James,Vermont
82962,Anthony,Howard,Michigan
83013,William,Hayes,New Jersey
83056,Hannah,Martinez,New Jersey
83100,James,James,New Jersey
83132,Rachel,Taylor,South Dakota
83142,Andrew,Torres,Arkansas
83155,Natalie,Lee,Alabama
83171,Natalie,Hayes,Michigan
83184,Owen,Clark,Hawaii
83205,Eli,Rogers,Washington
83251,Lucy,Sanchez,Illinois
83265,James,Thompson,New Hampshire
83384,Liam,Parker,Hawaii
83442,Caroline,Gray,Wyoming
83445,Hazel,Garcia,Alaska
83486,Jackson,Cox,North Dakota
83576,Matthew,Martin,Alaska
83578,Isla,Green,Kentucky
83663,Nathan,Gray,Missouri
83674,Savannah,King,Wisconsin
83727,Layla,Thompson,South Dakota
83748,Christian,James,New Jersey
83765,Gabriel,Martin,New York
83792,Josiah,Brooks,California
83805,Ava,Howard,California
83844,Michael,Cooper,Mississippi
83868,Charles,Mitchell,South Carolina
83889,Jonathan,Torres,Delaware
83924,Tara,Davis,Washington
83939,Eli,Murphy,South Carolina
83958,Aaron,Rogers,California
84024,Leah,Adams,Mississippi
84028,Ursula,Watson,Wyoming
84062,Gina,Clark,New York
84064,Christopher,Davis,Idaho
84095,Anna,Hall,Wyoming
84104,Isabella,Jackson,Wyoming
84170,William,Edwards,Delaware
84172,Victoria,Jackson,West Virginia
84215,Anna,Young,Arizona
84230,Amelia,Murphy,Michigan
84281,Brooklyn,Evans,Minnesota
84282,Eli,Stewart,Utah
84333,Noah,Carter,Massachusetts
84345,Owen,Collins,Nevada
84420,Noah,Wilson,Virginia
84431,Sophia,Jones,Pennsylvania
84441,Leah,Brooks,Wisconsin
84554,Scarlett,Reed,Louisiana
84585,Charlotte,Ramirez,Colorado
84594,Luke,Martin,Kentucky
84595,Riley,Roberts,Missouri
84598,Nora,Clark,Ohio
84600,Aubrey,Rogers,Wyoming
84713,Emilia,Jackson,Texas
84714,Quinn,Cooper,Utah
84763,Charles,Torres,Colorado
84770,Skylar,Smith,Illinois
84771,Isla,Bell,Rhode Island
84846,Zoey,Brown,Virginia
84919,Aria,Baker,Minnesota
84929,Aaron,Martinez,Delaware
84937,Rachel,Taylor,Arizona
84940,Addison,Rivera,Colorado
84948,Bella,Rogers,Delaware
84952,Lily,Parker,Hawaii
84953,Mila,Williams,Colorado
84986,Aria,Hall,Hawaii
85026,Addison,Anderson,Alabama
85094,Lucas,Phillips,Nevada
85103,James,Nelson,Maryland
85145,Emilia,Bell,Mississippi
85182,Owen,Carter,Virginia
85189,Adrian,Martin,New Hampshire
85196,Joshua,Rivera,Hawaii
85205,John,White,New Jersey
85219,Noah,Edwards,Alaska
85279,Hannah,Richardson,Alabama
85308,Mia,Thomas,Illinois
85367,Charlotte,Wilson,West Virginia
85423,Aria,Howard,West Virginia
85489,Hazel,Wright,Ohio
85497,Charlotte,Rivera,South Dakota
85503,Ella,Walker,West Virginia
85504,Nathan,Walker,New Mexico
85591,Violet,Hayes,New Jersey
85620,Dylan,James,Kansas
85661,Joseph,Edwards,Oregon
85691,Connor,Thomas,Nevada
85734,Charlotte,Lopez,Connecticut
85738,Chloe,Hall,Delaware
85764,Skylar,Lopez,Rhode Island
85773,Isla,Richardson,Louisiana
85778,Leah,Lee,Georgia
85809,Skylar,Lopez,South Dakota
85878,Skylar,James,Idaho
85892,Quinn,Bell,North Dakota
85899,Michael,Scott,Louisiana
85920,William,Moore,Montana
85924,Jackson,Hughes,Vermont
85930,Henry,Howard,Alaska
85948,James,Smith,Wisconsin
85954,Jackson,Richardson,Arizona
86004,Everly,Parker,Wyoming
86005,Charles,Sanchez,Rhode Island
86014,Nora,Carter,Texas
86050,Layla,Scott,New York
86098,Christopher,Cox,Illinois
86106,Isabella,Nelson,Hawaii
86113,Quinn,Howard,Illinois
86196,Aria,Perez,Oklahoma
86198,Everly,Lopez,North Dakota
86199,Hunter,Cook,North Carolina
86205,Alexander,Carter,Georgia
86236,Tara,Miller,West Virginia
86282,Bella,Clark,New Jersey
86284,Henry,Williams,North Dakota
86294,Alexander,Baker,Kentucky
86335,Josiah,Rogers,Florida
86383,Nora,Williams,Wyoming
86405,Quinn,Davis,West Virginia
86462,Caroline,Turner,Minnesota
86464,Matthew,Cooper,Louisiana
86513,Isabella,Smith,Mississippi
86527,Patrick,Hughes,Alabama
86530,Riley,Hill,Nevada
86531,William,Brown,New Hampshire
86561,James,Wilson,Iowa
86620,Claire,Gray,Colorado
86656,Brooklyn,Bell,Nebraska
86677,John,Torres,Wisconsin
86685,Ava,Turner,Montana
86702,Ursula,Adams,Connecticut
86743,Isabella,Reed,Connecticut
86752,James,Williams,Montana
86825,Claire,Taylor,Nevada
86832,Anna,Torres,Washington
86836,Ryan,Gray,Alaska
86855,Anna,Cox,Missouri
86865,Ava,Davis,Colorado
86872,Lucas,Brown,Arizona
86887,Henry,Roberts,Oklahoma
86916,Anna,Hayes,West Virginia
86932,Tara,Ramirez,Michigan
86958,Gabriel,Baker,Oklahoma
86998,Mia,Harris,Florida
87044,Noah,Scott,Nebraska
87047,Carter,Bailey,Delaware
87056,Hunter,Hill,Montana
87069,Layla,Williams,Missouri
87072,Anthony,Murphy,Georgia
87093,James,White,New Jersey
87196,Andrew,Phillips,Colorado
87294,Lily,Harris,Minnesota
87332,Claire,Cooper,Illinois
87394,Isla,Gray,New Hampshire
87485,Ryan,James,New Hampshire
87545,Wyatt,Perez,Rhode Island
87586,Noah,Carter,Minnesota
87674,Ryan,Martin,South Carolina
87690,Aaron,Wilson,South Carolina
87732,Levi,Adams,Rhode Island
87779,Leo,White,Nebraska
87790,Natalie,Scott,New Hampshire
87873,Hunter,Murphy,Louisiana
87897,Hannah,Richardson,Connecticut
87921,Skylar,Green,Utah
87951,Victoria,Rogers,South Dakota
87962,Quinn,Evans,Montana
88046,Scarlett,Collins,Oregon
88088,Benjamin,Torres,Washington
88111,Savannah,Martin,Kansas
88132,Aria,Cox,Georgia
88139,Hunter,Richardson,Georgia
88147,Rachel,Cox,Maine
88163,Christopher,Gray,Wisconsin
88198,Christopher,Evans,North Dakota
88229,Mia,Hughes,Georgia
88336,Sophia,Parker,New York
88350,Paisley,Collins,Pennsylvania
88394,Audrey,Brown,Florida
88402,Charles,Parker,Idaho
88445,Isaac,Thomas,Montana
88456,Quinn,Perez,New York
88474,Sebastian,Garcia,Massachusetts
88507,Kayla,Richardson,Michigan
88603,Carter,Murphy,New Mexico
88642,Caleb,Thomas,Michigan
88680,Chloe,Moore,Illinois
88743,Natalie,Sanchez,West Virginia
88802,Matthew,Garcia,Colorado
88805,William,Jackson,Maine
88824,Gabriel,Murphy,Florida
88861,Ellie,Harris,Oklahoma
88873,Eli,Young,Mississippi
88905,Anna,Walker,Louisiana
88926,Patrick,Ward,Wisconsin
88957,Carter,Thompson,West Virginia
88966,Hazel,Perez,North Dakota
89018,Anthony,Rogers,Utah
89040,Quinn,Thomas,Florida
89173,Lucy,Ramirez,Iowa
89174,Kayla,Martin,Maryland
89191,Aaron,Ramirez,New Jersey
89308,Samuel,Bell,Georgia
89320,Nova,Brown,Kansas
89328,Savannah,Howard,New Mexico
89335,Ellie,Richardson,Maryland
89382,Anthony,Parker,Arkansas
89418,Anthony,Green,Tennessee
89437,Wyatt,Harris,North Carolina
89517,Levi,Jackson,Pennsylvania
89563,Nathan,Martinez,North Carolina
89577,Emma,Jackson,Maryland
89636,Hunter,Bell,Missouri
89638,Tara,Howard,Washington
89650,Caroline,Stewart,Washington
89651,Adrian,Roberts,Kentucky
89673,Emilia,Brooks,Maine
89759,Tara,Lopez,Oklahoma
89774,John,Taylor,Minnesota
89794,Daniel,Ward,Indiana
89801,Dylan,Martinez,Washington
89807,Natalie,Rogers,New York
89814,Amelia,Carter,Colorado
89827,Riley,Morris,North Carolina
89837,Eli,Murphy,Oklahoma
89849,Aubrey,Stewart,Utah
89864,Lucy,Nelson,New Mexico
89903,Gabriel,Williams,Maryland
89931,Charles,Carter,Nevada
89937,Claire,Bailey,Wisconsin
89961,Aurora,Hughes,Alabama
89981,Christian,Martin,Mississippi
89999,Aaron,Hayes,South Dakota
90008,Luke,Thompson,Virginia
90016,Stella,Garcia,North Carolina
90021,Hazel,Edwards,New York
90052,Ellie,Torres,Vermont
90057,Patrick,Perez,Missouri
90059,James,Johnson,New Hampshire
90083,Joshua,Moore,New Mexico
90095,Charlotte,Lee,Mississippi
90117,Hazel,Peterson,Michigan
90155,Isla,Thompson,Washington
90167,Hunter,Stewart,New Mexico
90246,Noah,Thompson,Mississippi
90247,Owen,Brown,California
90304,Noah,Williams,Florida
90309,Alexander,Cooper,California
90330,Samuel,Wilson,Delaware
90342,Sebastian,Walker,Mississippi
90347,Mila,Martinez,Kansas
90389,Stella,Green,Delaware
90436,Natalie,Martin,Nebraska
90441,Leah,Rivera,Iowa
90486,Liam,Perez,Nebraska
90502,Lucy,Hayes,Arizona
90506,Connor,Williams,Indiana
90526,Natalie,Phillips,Maine
90607,Aaron,Miller,Virginia
90610,Connor,Lopez,New York
90617,Dylan,Cox,Nevada
90638,Sophia,Peterson,South Dakota
90777,Anna,Reed,Florida
90869,Nathan,King,Minnesota
90924,Savannah,Cox,Washington
90955,Audrey,Wright,Arkansas
90992,Sophia,Jackson,Indiana
91001,Victoria,Baker,West Virginia
91006,Alexander,Brown,Pennsylvania
91019,Audrey,Williams,Maryland
91037,Addison,Jackson,Alaska
91054,Layla,Williams,Nevada
91089,Patrick,Cook,Connecticut
91104,Amelia,Scott,Idaho
91204,Scarlett,Cooper,Utah
91220,Levi,Williams,Minnesota
91342,Michael,Jackson,New Mexico
91348,Addison,Cook,New Jersey
91350,Caleb,Gray,Michigan
91387,Charlotte,Peterson,South Carolina
91395,Hannah,Hayes,Texas
91418,Hannah,Brooks,Arizona
91448,William,Collins,New Jersey
91462,Isaac,Peterson,Kentucky
91464,Samuel,Parker,Wisconsin
91482,Jonathan,Wright,Connecticut
91538,Nathan,Reed,Idaho
91539,Joshua,Gray,Georgia
91541,Sebastian,Hayes,North Carolina
91557,Victoria,Rogers,Pennsylvania
91571,Lucy,Martinez,Florida
91620,Lucy,Lee,New Jersey
91647,Andrew,Cox,Tennessee
91687,Andrew,Davis,Georgia
91760,Riley,Miller,Ohio
91852,Paisley,Jones,Arkansas
91904,Quinn,Turner,West Virginia
91912,Daniel,Watson,Louisiana
91923,Emma,Jackson,Washington
91926,Wyatt,Watson,Montana
91941,Brooklyn,Ramirez,Mississippi
91943,Noah,Wright,Wyoming
91945,Quinn,Ward,Maryland
91957,Noah,Hall,Alaska
91966,Liam,Thomas,New York
92004,Charles,Stewart,Washington
92022,Samuel,Garcia,Connecticut
92024,Julian,Edwards,Utah
92046,Amelia,Reed,Michigan
92095,Lucy,Garcia,Delaware
92113,Layla,Bailey,Ohio
92125,Mia,Rivera,Utah
92184,Andrew,Miller,California
92209,Layla,Cox,Maryland
92223,Ella,Anderson,Louisiana
92300,Henry,Bailey,Ohio
92302,Kayla,James,Utah
92325,Noah,Murphy,Michigan
92340,Skylar,Morris,Indiana
92440,Lucy,Taylor,Delaware
92445,Henry,Rogers,Virginia
92449,Aria,Lee,New Jersey
92457,Leo,Evans,Pennsylvania
92465,Nora,Taylor,Vermont
92523,Brooklyn,Ward,New Jersey
92570,Olivia,Harris,Montana
92718,Leah,Davis,Mississippi
92740,Lucas,Perez,Wisconsin
92791,Bella,Collins,Massachusetts
92857,Savannah,Young,Virginia
92908,Quinn,Reed,Maryland
92955,Natalie,James,Washington
93025,Noah,Young,New Mexico
93049,Joseph,Williams,Idaho
93078,Everly,Hayes,Idaho
93101,Audrey,Cooper,South Dakota
93104,Julian,Collins,Colorado
93120,William,Hill,South Dakota
93177,Aubrey,Young,Arizona
93207,Josiah,Hughes,Michigan
93213,Skylar,Evans,Arizona
93217,Ella,Sanchez,New Mexico
93304,Sebastian,Peterson,New York
93306,Noah,Jackson,Maine
93371,Isla,Moore,Virginia
93406,Anna,Turner,Pennsylvania
93449,Anna,Moore,Tennessee
93484,Natalie,Stewart,California
93520,Eli,Taylor,New Hampshire
93602,Olivia,Hayes,Oregon
93725,Isaac,Jones,Indiana
93735,Genesis,Turner,West Virginia
93774,Jackson,Wright,New York
93808,Christopher,Green,Oregon
93842,Claire,Stewart,New York
93904,Daniel,Hill,Georgia
93936,Noah,Morris,Vermont
94033,Alexander,Ramirez,Maine
94050,Connor,Hill,Illinois
94059,Landon,Scott,Wisconsin
94061,Julian,Green,Nebraska
94070,Amelia,Brooks,Wisconsin
94118,Charlotte,Anderson,Pennsylvania
94189,Sebastian,Murphy,Colorado
94310,Nathan,Hayes,North Carolina
94398,Chloe,Cook,Rhode Island
94412,Dylan,Johnson,Nevada
94505,Rachel,Collins,Nebraska
94509,Nora,Mitchell,Alabama
94526,Hazel,Green,Louisiana
94545,Bella,Hill,North Dakota
94578,Aaron,Ramirez,Illinois
94603,Andrew,Perez,Texas
94640,Olivia,Morris,Kentucky
94676,Noah,Carter,Virginia
94738,Gabriel,King,Wyoming
94938,Leah,Rogers,New York
94940,Nathan,Torres,Iowa
94941,Quinn,Young,Maryland
94966,Layla,James,West Virginia
94992,Layla,Jackson,Tennessee
95020,Lucy,Young,Indiana
95048,Christian,Hill,Georgia
95052,Noah,King,Massachusetts
95060,Audrey,Peterson,Connecticut
95115,Samuel,Wilson,Massachusetts
95149,Violet,Johnson,Hawaii
95151,Aria,Bailey,Texas
95204,Caroline,Ward,South Dakota
95240,Christian,Howard,Massachusetts
95250,Joseph,Stewart,Wyoming
95276,Isaac,Parker,Vermont
95299,Adrian,Anderson,Missouri
95312,Violet,Evans,Alaska
95330,Nathan,Bell,Louisiana
95343,Anthony,Miller,Georgia
95399,Aurora,Young,Michigan
95402,Grace,Hall,Alaska
95403,Ellie,Adams,Iowa
95411,Lucas,Garcia,Arkansas
95425,Jake,Turner,Missouri
95445,Aria,Adams,North Dakota
95490,Anthony,Cook,New Jersey
95498,Owen,Adams,Alabama
95517,Leo,Ward,Nebraska
95551,Sebastian,Davis,Hawaii
95584,Josiah,Brooks,Nevada
95625,Levi,Anderson,Pennsylvania
95629,Isaac,Morris,South Dakota
95688,Rachel,Phillips,Ohio
95694,Dylan,Howard,North Carolina
95768,Violet,Rogers,New Mexico
95772,Mila,Watson,Mississippi
95779,Dylan,Scott,New York
95847,Henry,Walker,Oklahoma
95868,Hunter,Roberts,Maine
95886,Brooklyn,Stewart,Georgia
95989,Paisley,Turner,Arkansas
96042,Henry,Cooper,Minnesota
96045,Addison,Perez,Colorado
96090,Anna,Thompson,Idaho
96097,Isaac,Martin,Virginia
96121,Dylan,Edwards,Idaho
96172,Patrick,Ward,Louisiana
96184,Emilia,Hughes,Connecticut
96200,Claire,Perez,Connecticut
96205,Mia,Young,California
96247,James,Gray,Maryland
96254,Ryan,Bailey,Wyoming
96261,Michael,Nelson,Texas
96306,Nathan,Rogers,Florida
96316,Caroline,Cox,Nevada
96341,Isabella,Clark,Indiana
96346,Victoria,Jackson,Wisconsin
96448,Hunter,Richardson,Louisiana
96480,Patrick,Parker,Ohio
96494,Violet,King,Delaware
96525,Hazel,Stewart,Utah
96540,Andrew,Ward,Massachusetts
96558,Charles,Hall,Maryland
96597,Daniel,Hayes,New Mexico
96637,Mila,Hall,Illinois
96664,Owen,Cook,Minnesota
96676,Audrey,Turner,South Carolina
96690,Matthew,Taylor,Arkansas
96707,Mia,Phillips,Missouri
96714,Benjamin,Sanchez,Delaware
96715,Claire,Sanchez,Minnesota
96777,Hunter,Rivera,Texas
96781,Hunter,Gray,New Hampshire
96844,Ellie,Gray,Alaska
96890,Michael,Nelson,Texas
96901,Amelia,Miller,Rhode Island
96902,Mia,Howard,Texas
97026,Amelia,Turner,Kentucky
97038,Nathan,Young,Vermont
97069,Landon,Collins,Wyoming
97094,Anthony,Turner,Ohio
97213,Aubrey,Jackson,Minnesota
97217,John,Edwards,Alabama
97273,Stella,Baker,Missouri
97275,Henry,Baker,Minnesota
97280,Isaac,Davis,Hawaii
97343,Stella,Turner,Maryland
97409,Jonathan,Wright,Alabama
97422,Jackson,Parker,Illinois
97476,Olivia,Thompson,Iowa
97549,Adrian,Wilson,Indiana
97568,Aria,Baker,Texas
97571,John,Parker,Massachusetts
97574,Anna,Carter,Massachusetts
97581,Everly,Hughes,Maryland
97601,Liam,Carter,Kansas
97645,Amelia,Evans,New Jersey
97668,James,Hayes,Georgia
97693,Adrian,Rivera,New York
97695,Scarlett,Reed,Hawaii
97712,Ava,Davis,Connecticut
97779,Ryan,Perez,Missouri
97789,Liam,Rogers,Wyoming
97793,Hazel,Lopez,Nebraska
97846,Grace,Hughes,Arizona
97873,Anthony,Baker,Washington
97893,Ryan,Howard,Alabama
97900,Leah,Green,Indiana
97978,Grace,Evans,Texas
97996,Lucas,Lee,Alabama
98099,Liam,Cox,Pennsylvania
98117,Victoria,Hayes,Connecticut
98124,Daniel,Smith,South Dakota
98128,Anthony,Thomas,Maryland
98152,Lucas,Hayes,Florida
98180,Paisley,Hall,Connecticut
98197,Grace,Gray,Oklahoma
98245,Grace,Harris,Maryland
98261,Natalie,Taylor,Oregon
98267,Jonathan,Hughes,Nebraska
98298,Levi,King,New Mexico
98369,Emma,Nelson,Arkansas
98419,Christopher,Hill,West Virginia
98426,Scarlett,Clark,Virginia
98428,David,Murphy,Missouri
98450,Eli,Wilson,Utah
98478,Caleb,Nelson,Michigan
98540,Aubrey,Perez,Wyoming
98591,Dylan,Phillips,Missouri
98683,Josiah,Perez,Alabama
98691,Sebastian,Brooks,Minnesota
98696,Benjamin,Sanchez,Rhode Island
98716,Luke,Martin,Washington
98752,Joseph,Anderson,South Carolina
98776,Nora,Wilson,New Jersey
98875,Mia,Moore,New Hampshire
99055,Liam,Watson,Vermont
99073,Anna,Torres,Alaska
99121,Layla,Green,Oregon
99185,Eli,Bell,North Dakota
99250,Ava,Howard,New York
99281,Scarlett,Moore,Georgia
99301,Patrick,Martinez,Colorado
99341,Adrian,Richardson,Alabama
99346,Levi,Miller,South Dakota
99348,Julian,Williams,Kentucky
99383,Amelia,Howard,Delaware
99417,Landon,King,Washington
99479,Mila,Smith,Alaska
99484,Emilia,Martinez,Missouri
99491,Christian,Martin,Indiana
99502,Owen,Lopez,North Carolina
99625,Hunter,Phillips,South Dakota
99648,David,Cooper,Oklahoma
99657,Tara,Green,West Virginia
99816,Grace,Edwards,Mississippi
99871,Lucy,Cook,Arizona
99907,Christopher,Clark,Nevada
99916,Isla,Turner,Delaware
99981,Alexander,Carter,Nevada
